['ACA03107A4C38D4D0FE8B0D8E6B8767A2BDC1622A469E5018A2171FECDBD0B6F.apk.txt', 0.0, 0.0, 0.0, 0.0, 0.0, 0.0, 0.0, 0.0, 0.0, 0.0, 0.0, 0.0, 0.0, 0.0, 0.0, 0.0, 0.0, 0.0, 0.0, 0.0, 0.0, 0.0, 0.0, 0.0, 0.0, 0.0, 0.0, 0.0, 0.0, 0.0, 0.0, 0.0, 0.0, 0.0, 1.0, 0.0, 0.0, 0.0, 0.0, 0.0, 0.0, 0.0, 0.0, 0.0, 0.99704142011834318, 0.0, 0.0, 0.0, 0.0, 0.0029585798816568047, 0.0, 0.0, 0.0, 0.0, 0.79447115384615385, 0.18870192307692307, 0.0, 0.0, 0.0, 0.016826923076923076, 0.0, 0.0, 0.0, 0.0, 0.0, 0.0, 0.0, 0.0, 0.0, 0.0, 0.0, 0.0, 0.0, 0.0, 0.0, 0.0, 0.0, 0.0, 0.0, 0.0, 0.0, 0.0, 0.0, 0.005193725979017347, 0.37083203490183858, 0.37010491326477613, 0.0, 0.0, 0.1481770021813649, 0.10569232367300302, 0.0, 0.0, 0.0, 0.0, 0.0, 0.43956043956043955, 0.0, 0.0, 0.49175824175824173, 0.068681318681318687]
['46A9B169204295751AEE2CA5F3A3CBF32E6548501E85E1EA7FA93BB80DC660D8.apk.txt', 0.15384615384615385, 0.0, 0.0, 0.0, 0.53846153846153844, 0.076923076923076927, 0.0, 0.0, 0.15384615384615385, 0.076923076923076927, 0.0, 0.0, 0.0, 0.0, 0.0, 0.0, 0.0, 0.0, 0.0, 0.0, 0.0, 0.0, 0.0, 0.0, 0.0, 0.0, 0.0, 0.0, 0.0, 0.0, 0.0, 0.0, 0.0, 0.16, 0.83999999999999997, 0.0, 0.0, 0.0, 0.0, 0.0, 0.0, 0.0, 0.0, 0.0, 1.0, 0.0, 0.0, 0.0, 0.0, 0.0, 0.0, 0.0, 0.0, 0.0, 0.6883273164861613, 0.25511432009626955, 0.0, 0.0, 0.0, 0.056558363417569195, 0.0, 0.0, 0.0, 0.0, 0.0, 0.0, 0.0, 0.0, 0.0, 0.0, 0.0, 0.0, 0.0, 0.0, 0.0, 0.0, 0.0, 0.0, 0.0, 0.0, 0.0027345752862758502, 0.0, 0.0, 0.0083746368142197918, 0.24559904289864981, 0.22457699538540421, 0.0, 0.0, 0.47034694923944625, 0.048367800376004105, 0.0, 0.0, 0.0, 0.0, 0.083333333333333329, 0.31510416666666669, 0.0, 0.0, 0.47916666666666669, 0.12239583333333333]
['42D72B13B89953CEB1528D0A8FE519465BF14283AD801A2E969226F3F85F88B5.apk.txt', 0.0, 0.0, 0.0, 0.0, 0.0, 0.0, 0.0, 0.0, 0.0, 0.0, 0.0, 0.0, 0.0, 0.0, 0.0, 0.0, 0.0, 0.0, 0.0, 0.0, 0.0, 0.0, 0.0, 0.0, 0.0, 0.0, 0.0, 0.0, 0.0, 0.0, 0.0, 0.0, 0.0, 0.0, 0.0, 0.0, 0.0, 0.0, 0.0, 0.0, 0.0, 0.0, 0.0, 0.0, 0.99609375, 0.0, 0.0, 0.0, 0.0, 0.00390625, 0.0, 0.0, 0.0, 0.0, 0.86440677966101698, 0.13559322033898305, 0.0, 0.0, 0.0, 0.0, 0.0, 0.0, 0.0, 0.0, 0.0, 0.0, 0.0, 0.0, 0.0, 0.0, 0.0, 0.0, 0.0, 0.0, 0.0, 0.0, 0.0, 0.0, 0.0, 0.0, 0.0, 0.0, 0.0, 0.0, 0.47321733196861138, 0.42101671784373934, 0.0, 0.0, 0.10167178437393382, 0.0040941658137154556, 0.0, 0.0, 0.0, 0.0, 0.0, 0.51282051282051277, 0.0, 0.0, 0.48717948717948717, 0.0]
['A0B72D29A53007C942CEC6B42B9EC342906289308A614C5F0283A56E32C636A8.apk.txt', 0.41909053666530111, 0.0, 0.0, 0.0047794619691383317, 0.28867950293595523, 0.21575856889253039, 0.0, 0.0, 0.011880376894715281, 0.05981155264235969, 0.0, 0.0, 0.0, 0.0, 0.0, 0.0, 0.0, 0.0, 0.0, 0.0, 0.0, 0.0, 0.0, 0.0, 0.0, 0.0, 0.0, 0.0, 0.0, 0.0, 0.0, 0.0, 0.0, 0.0, 1.0, 0.0, 0.0, 0.0, 0.0, 0.0, 0.0, 0.0, 0.0, 0.0, 0.98222222222222222, 0.0, 0.0, 0.0, 0.0, 0.017777777777777778, 0.0, 0.0, 0.0, 0.0, 0.72575250836120397, 0.24080267558528429, 0.0, 0.0, 0.0, 0.033444816053511704, 0.0, 0.0, 0.0, 0.0, 0.0, 0.0, 0.0, 0.0, 0.0, 0.0, 0.0, 0.0, 0.0, 0.0, 0.0, 0.0, 0.0, 0.0, 0.0, 0.0, 0.15492957746478872, 0.0, 0.0, 0.0, 0.47887323943661969, 0.28169014084507044, 0.0, 0.0, 0.084507042253521125, 0.0, 0.39344262295081966, 0.0, 0.0, 0.0, 0.016393442622950821, 0.37704918032786883, 0.0, 0.0, 0.13114754098360656, 0.081967213114754092]
['027327684640EA3B24B2FBBDD0614217331DBB3AA1C01D10AACA55263967850B.apk.txt', 0.0, 0.0, 0.0, 0.0, 0.0, 0.0, 0.0, 0.0, 0.0, 0.0, 0.0, 0.0, 0.0, 0.0, 0.0, 0.0, 0.0, 0.0, 0.0, 0.0, 0.0, 0.0, 0.0, 0.0, 0.0, 0.0, 0.0, 0.0, 0.0, 0.0, 0.0, 0.0, 0.0, 0.14285714285714285, 0.8571428571428571, 0.0, 0.0, 0.0, 0.0, 0.0, 0.0, 0.0, 0.0, 0.0, 0.99793174767321613, 0.0, 0.0, 0.0, 0.0, 0.0020682523267838678, 0.0, 0.0, 0.0, 0.0, 0.63524904214559386, 0.33639846743295021, 0.0, 0.0, 0.0, 0.028352490421455937, 0.0, 0.0, 0.0, 0.0, 0.0, 0.0, 0.0, 0.0, 0.0, 0.0, 0.0, 0.0, 0.0, 0.0, 0.0, 0.0, 0.0, 0.0, 0.0, 0.0, 0.0, 0.0, 0.0, 0.0057894347440071029, 0.21890722107132288, 0.18391166025451317, 0.0, 0.0, 0.47645383249482093, 0.1149378514353359, 0.0, 0.0, 0.0, 0.0077192982456140355, 0.16842105263157894, 0.31298245614035086, 0.0, 0.0, 0.48982456140350877, 0.021052631578947368]
['A531374D65A641D6A910053C1A048544B32BC82B0AA0CF68EE92E1BC76C79710.apk.txt', 0.0, 0.0, 0.0, 0.0, 0.0, 0.0, 0.0, 0.0, 0.0, 0.0, 0.0, 0.0, 0.0, 0.0, 0.0, 0.0, 0.0, 0.0, 0.0, 0.0, 0.0, 0.0, 0.0, 0.0, 0.0, 0.0, 0.0, 0.0, 0.0, 0.0, 0.0, 0.0, 0.0, 0.0, 0.0, 0.0, 0.0, 0.0, 0.0, 0.0, 0.0, 0.0, 0.0, 0.0, 1.0, 0.0, 0.0, 0.0, 0.0, 0.0, 0.0, 0.0, 0.0, 0.0, 0.37878787878787878, 0.55555555555555558, 0.0, 0.0, 0.0, 0.065656565656565663, 0.0, 0.0, 0.0, 0.0, 0.0, 0.0, 0.0, 0.0, 0.0, 0.0, 0.0, 0.0, 0.0, 0.0, 0.0, 0.0, 0.0, 0.0, 0.0, 0.0, 0.0, 0.0, 0.0, 0.0, 0.39315068493150684, 0.19315068493150686, 0.0, 0.0, 0.37260273972602742, 0.041095890410958902, 0.0, 0.0, 0.0, 0.0, 0.0, 0.41666666666666669, 0.0, 0.0, 0.58333333333333337, 0.0]
['96245C2B37504E3E92739F8F58EE4E6F5D38E858326385F83FEF8DBC9D625902.apk.txt', 0.0, 0.0, 0.0, 0.0, 0.0, 0.0, 0.0, 0.0, 0.0, 0.0, 0.0, 0.0, 0.0, 0.0, 0.0, 0.0, 0.0, 0.0, 0.0, 0.0, 0.0, 0.0, 0.0, 0.0, 0.0, 0.0, 0.0, 0.0, 0.0, 0.0, 0.0, 0.0, 0.0, 0.010869565217391304, 0.98913043478260865, 0.0, 0.0, 0.0, 0.0, 0.0, 0.0, 0.0, 0.0, 0.0, 0.99749373433583954, 0.0, 0.0, 0.0, 0.0, 0.0025062656641604009, 0.0, 0.0, 0.0, 0.0, 0.72721962616822433, 0.22254672897196262, 0.0, 0.0, 0.0, 0.050233644859813083, 0.0, 0.0, 0.0, 0.0, 0.0, 0.0, 0.0, 0.0, 0.0, 0.0, 0.0, 0.0, 0.0, 0.0, 0.0, 0.0, 0.0, 0.0, 0.0, 0.0, 0.0001403992443967938, 0.0, 0.0, 0.014499412875887067, 0.26262316842803901, 0.2159468014499413, 0.0, 0.0, 0.40819165773216931, 0.098598560269566551, 0.0, 0.0, 0.0, 0.0003414134516899966, 0.086719016729259135, 0.32400136565380677, 0.0, 0.0, 0.40969614202799592, 0.17924206213724822]
['F4C9771D41EB58A4E0C97B80C5259F8A3F8A4585D77D12BAD27E4F3171131223.apk.txt', 0.0, 0.0, 0.0, 0.0, 0.0, 0.0, 0.0, 0.0, 0.0, 0.0, 0.0, 0.0, 0.0, 0.0, 0.0, 0.0, 0.0, 0.0, 0.0, 0.0, 0.0, 0.0, 0.0, 0.0, 0.0, 0.0, 0.0, 0.0, 0.0, 0.0, 0.0, 0.0, 0.0, 0.10416666666666667, 0.89583333333333337, 0.0, 0.0, 0.0, 0.0, 0.0, 0.0, 0.0, 0.0, 0.0, 0.98980537534754398, 0.0, 0.0, 0.0, 0.0, 0.010194624652455977, 0.0, 0.0, 0.0, 0.0, 0.81611208406304725, 0.17075306479859895, 0.0, 0.0, 0.0, 0.013134851138353765, 0.0, 0.0, 0.0, 0.0, 0.0, 0.0, 0.0, 0.0, 0.0, 0.0, 0.0, 0.0, 0.0, 0.0, 0.0, 0.0, 0.0, 0.0, 0.0, 0.0, 0.0, 0.0, 0.0, 0.0082986469030128258, 0.19768003235950365, 0.14016362426440845, 0.0, 0.0, 0.50277273972781478, 0.15108495674526023, 0.0, 0.0, 0.0, 0.0059308463317715434, 0.20093707372041991, 0.13605361485083922, 0.0, 0.0, 0.40306031670719411, 0.25401814838977521]
['933CCBC965F5DF995E617DF78E59B9E546B1A10FA1E48A847F360F7B159E0797.apk.txt', 0.0, 0.0, 0.0, 0.0, 0.0, 0.0, 0.0, 0.0, 0.0, 0.0, 0.0, 0.0, 0.0, 0.0, 0.0, 0.0, 0.0, 0.0, 0.0, 0.0, 0.0, 0.0, 0.0, 0.0, 0.0, 0.0, 0.0, 0.0, 0.0, 0.0, 0.0, 0.0, 0.0, 0.022222222222222223, 0.97777777777777775, 0.0, 0.0, 0.0, 0.0, 0.0, 0.0, 0.0, 0.0, 0.0, 1.0, 0.0, 0.0, 0.0, 0.0, 0.0, 0.0, 0.0, 0.0, 0.0, 0.78578479763079956, 0.19348469891411649, 0.0, 0.0, 0.0, 0.020730503455083909, 0.0, 0.0, 0.0, 0.0, 0.0, 0.0, 0.0, 0.0, 0.0, 0.0, 0.0, 0.0, 0.0, 0.0, 0.0, 0.0, 0.0, 0.0, 0.0, 0.0, 0.0, 0.0, 0.0, 0.018983908877237388, 0.33660278430663532, 0.32485084071596454, 0.0, 0.0, 0.23883565358886277, 0.080726812511299942, 0.0, 0.0, 0.0, 0.0, 0.0, 0.4375, 0.0, 0.0, 0.49431818181818182, 0.068181818181818177]
['D653B25D9C97DADC109E512C836F953BD0B7A7D68AA81FFDD7213C15806D374A.apk.txt', 0.0, 0.0, 0.0, 0.0, 0.0, 0.0, 0.0, 0.0, 0.0, 0.0, 0.0, 0.0, 0.0, 0.0, 0.0, 0.0, 0.0, 0.0, 0.0, 0.0, 0.0, 0.0, 0.0, 0.0, 0.0, 0.0, 0.0, 0.0, 0.0, 0.0, 0.0, 0.0, 0.0, 0.0, 1.0, 0.0, 0.0, 0.0, 0.0, 0.0, 0.0, 0.0, 0.0, 0.0, 1.0, 0.0, 0.0, 0.0, 0.0, 0.0, 0.0, 0.0, 0.0, 0.0, 0.79679802955665024, 0.18596059113300492, 0.0, 0.0, 0.0, 0.017241379310344827, 0.0, 0.0, 0.0, 0.0, 0.0, 0.0, 0.0, 0.0, 0.0, 0.0, 0.0, 0.0, 0.0, 0.0, 0.0, 0.0, 0.0, 0.0, 0.0, 0.0, 0.0, 0.0, 0.0, 0.013708128867079155, 0.35187753360358437, 0.36425218689993599, 0.0, 0.0, 0.15222957115425645, 0.11793257947514402, 0.0, 0.0, 0.0, 0.0, 0.0, 0.43548387096774194, 0.0, 0.0, 0.49354838709677418, 0.070967741935483872]
['0FDDC9AB89AF4916677E4790DFA812DA0F75F6E884C27358344F0400AA4C2F0E.apk.txt', 0.0, 0.0, 0.0, 0.0, 0.0, 0.0, 0.0, 0.0, 0.0, 0.0, 0.0, 0.0, 0.0, 0.0, 0.0, 0.0, 0.0, 0.0, 0.0, 0.0, 0.0, 0.0, 0.0, 0.0, 0.0, 0.0, 0.0, 0.0, 0.0, 0.0, 0.0, 0.0, 0.0, 0.035714285714285712, 0.9642857142857143, 0.0, 0.0, 0.0, 0.0, 0.0, 0.0, 0.0, 0.0, 0.0, 0.99859943977591037, 0.0, 0.0, 0.0, 0.0, 0.0014005602240896359, 0.0, 0.0, 0.0, 0.0, 0.56113902847571184, 0.40145170295924065, 0.0, 0.0, 0.0, 0.037409268565047463, 0.0, 0.0, 0.0, 0.0, 0.0, 0.0, 0.0, 0.0, 0.0, 0.0, 0.0, 0.0, 0.0, 0.0, 0.0, 0.0, 0.0, 0.0, 0.0, 0.0, 0.0, 0.0, 0.0, 0.011908668948380139, 0.26972666322846828, 0.50278962914341974, 0.0, 0.0, 0.15120258802569272, 0.064372450654039098, 0.0, 0.0, 0.0, 0.0, 0.0016722408026755853, 0.37458193979933108, 0.0, 0.0, 0.52508361204013376, 0.098662207357859535]
['F542A8F27C0B8B9EE6F28AE8BABC94305ECCF72A90BA919D14AC6E97BEDA154E.apk.txt', 0.45557122708039494, 0.0, 0.0, 0.0014104372355430183, 0.35872120357310766, 0.1006111894687353, 0.0, 0.0, 0.005171603196991067, 0.078514339445228024, 0.0, 0.0, 0.0, 0.0, 0.0, 0.0, 0.0, 0.0, 0.0, 0.0, 0.0, 0.0, 0.0, 0.0, 0.0, 0.0, 0.0, 0.0, 0.0, 0.0, 0.0, 0.0, 0.0, 0.035714285714285712, 0.9642857142857143, 0.0, 0.0, 0.0, 0.0, 0.0, 0.0, 0.0, 0.0, 0.0, 0.99089874857792948, 0.0, 0.0, 0.0, 0.0, 0.0091012514220705342, 0.0, 0.0, 0.0, 0.0, 0.51507641470466747, 0.43948781495249895, 0.0, 0.0, 0.0, 0.04543577034283354, 0.0, 0.0, 0.0, 0.0, 0.0, 0.0, 0.0, 0.0, 0.0, 0.0, 0.0, 0.0, 0.0, 0.0, 0.0, 0.0, 0.0, 0.0, 0.0, 0.0, 0.14402332361516035, 0.0, 0.0, 0.003248646397334444, 0.21432736359850063, 0.29546022490628904, 0.0, 0.0, 0.23107038733860891, 0.11187005414410663, 0.0, 0.0, 0.0, 0.0, 0.071503680336487907, 0.38801261829652994, 0.0, 0.0, 0.50262881177707674, 0.037854889589905363]
['780FEFE231C86DEE61CEBB68CDA5F10B7A842A39FFBF66489235642E9ECF4D61.apk.txt', 0.0, 0.0, 0.0, 0.0, 0.0, 0.0, 0.0, 0.0, 0.0, 0.0, 0.0, 0.0, 0.0, 0.0, 0.0, 0.0, 0.0, 0.0, 0.0, 0.0, 0.0, 0.0, 0.0, 0.0, 0.0, 0.0, 0.0, 0.0, 0.0, 0.0, 0.0, 0.0, 0.0, 0.018518518518518517, 0.98148148148148151, 0.0, 0.0, 0.0, 0.0, 0.0, 0.0, 0.0, 0.0, 0.0, 1.0, 0.0, 0.0, 0.0, 0.0, 0.0, 0.0, 0.0, 0.0, 0.0, 0.79206963249516438, 0.18762088974854932, 0.0, 0.0, 0.0, 0.020309477756286266, 0.0, 0.0, 0.0, 0.0, 0.0, 0.0, 0.0, 0.0, 0.0, 0.0, 0.0, 0.0, 0.0, 0.0, 0.0, 0.0, 0.0, 0.0, 0.0, 0.0, 0.0, 0.0, 0.0, 0.021368197790370067, 0.33426192662002596, 0.3020038621038969, 0.0, 0.0, 0.25553198898350693, 0.086834024502200138, 0.0, 0.0, 0.0, 0.0, 0.0, 0.43146067415730338, 0.0, 0.0, 0.49662921348314609, 0.071910112359550568]
['B7125588B98D2BD977B45A89D2DAC385B1F5926D530359059AE3F9635AEEE075.apk.txt', 0.0, 0.0, 0.0, 0.0, 0.0, 0.0, 0.0, 0.0, 0.0, 0.0, 0.0, 0.0, 0.0, 0.0, 0.0, 0.0, 0.0, 0.0, 0.0, 0.0, 0.0, 0.0, 0.0, 0.0, 0.0, 0.0, 0.0, 0.0, 0.0, 0.0, 0.0, 0.0, 0.0, 0.016129032258064516, 0.9838709677419355, 0.0, 0.0, 0.0, 0.0, 0.0, 0.0, 0.0, 0.0, 0.0, 0.99790356394129975, 0.0, 0.0, 0.0, 0.0, 0.0020964360587002098, 0.0, 0.0, 0.0, 0.0, 0.57399999999999995, 0.40000000000000002, 0.0, 0.0, 0.0, 0.025999999999999999, 0.0, 0.0, 0.0, 0.0, 0.0, 0.0, 0.0, 0.0, 0.0, 0.0, 0.0, 0.0, 0.0, 0.0, 0.0, 0.0, 0.0, 0.0, 0.0, 0.0, 0.0, 0.0, 0.0, 0.01598574094187763, 0.27348427883142562, 0.412454396078759, 0.0, 0.0, 0.21845322639039741, 0.079622357757540313, 0.0, 0.0, 0.0, 0.015725518227305217, 0.16654753395282346, 0.51179413867047896, 0.0, 0.0, 0.28734810578984987, 0.018584703359542529]
['A73D3E8C65BBD25EBA08C38FB807920C98A0662BAAB6E026A5769886CD8EF402.apk.txt', 0.0, 0.0, 0.0, 0.0, 0.0, 0.0, 0.0, 0.0, 0.0, 0.0, 0.0, 0.0, 0.0, 0.0, 0.0, 0.0, 0.0, 0.0, 0.0, 0.0, 0.0, 0.0, 0.0, 0.0, 0.0, 0.0, 0.0, 0.0, 0.0, 0.0, 0.0, 0.0, 0.0, 0.013513513513513514, 0.98648648648648651, 0.0, 0.0, 0.0, 0.0, 0.0, 0.0, 0.0, 0.0, 0.0, 0.98898898898898902, 0.0, 0.0, 0.0, 0.0, 0.011011011011011011, 0.0, 0.0, 0.0, 0.0, 0.67176974892835273, 0.29883649724433559, 0.0, 0.0, 0.0, 0.029393753827311696, 0.0, 0.0, 0.0, 0.0, 0.0, 0.0, 0.0, 0.0, 0.0, 0.0, 0.0, 0.0, 0.0, 0.0, 0.0, 0.0, 0.0, 0.0, 0.0, 0.0, 0.0, 0.0, 0.0, 0.022024256735000535, 0.27893098636900288, 0.37617258774283568, 0.0, 0.0, 0.22247504561554149, 0.10039712353761941, 0.0, 0.0, 0.0, 0.0, 0.12195121951219512, 0.35636856368563685, 0.0, 0.0, 0.37262872628726285, 0.14905149051490515]
['5FD11AF945640D4F7FBB138CE998546C8C07B2897AD8F546D753E1078541DBE2.apk.txt', 0.0, 0.0, 0.0, 0.0, 0.0, 0.0, 0.0, 0.0, 0.0, 0.0, 0.0, 0.0, 0.0, 0.0, 0.0, 0.0, 0.0, 0.0, 0.0, 0.0, 0.0, 0.0, 0.0, 0.0, 0.0, 0.0, 0.0, 0.0, 0.0, 0.0, 0.0, 0.0, 0.0, 0.0, 1.0, 0.0, 0.0, 0.0, 0.0, 0.0, 0.0, 0.0, 0.0, 0.0, 1.0, 0.0, 0.0, 0.0, 0.0, 0.0, 0.0, 0.0, 0.0, 0.0, 0.79704797047970477, 0.1857318573185732, 0.0, 0.0, 0.0, 0.017220172201722016, 0.0, 0.0, 0.0, 0.0, 0.0, 0.0, 0.0, 0.0, 0.0, 0.0, 0.0, 0.0, 0.0, 0.0, 0.0, 0.0, 0.0, 0.0, 0.0, 0.0, 0.0, 0.0, 0.0, 0.011942316358720144, 0.34851606257645013, 0.34558681516770745, 0.0, 0.0, 0.15370501512908002, 0.14024979076804223, 0.0, 0.0, 0.0, 0.0, 0.0, 0.44966442953020136, 0.0, 0.0, 0.46756152125279643, 0.082774049217002238]
['40A516B45C888FB915B9C4584DE006804CE6CE984746DB125F136067C4CBAC13.apk.txt', 0.33863216266173751, 0.0, 0.0, 0.0, 0.44214417744916823, 0.1478743068391867, 0.0, 0.0, 0.0096118299445471355, 0.061737523105360445, 0.0, 0.0, 0.0, 0.0, 0.0, 0.0, 0.0, 0.0, 0.0, 0.0, 0.0, 0.0, 0.0, 0.0, 0.0, 0.0, 0.0, 0.0, 0.0, 0.0, 0.0, 0.0, 0.0, 0.10416666666666667, 0.89583333333333337, 0.0, 0.0, 0.0, 0.0, 0.0, 0.0, 0.0, 0.0, 0.0, 0.99897645854657113, 0.0, 0.0, 0.0, 0.0, 0.0010235414534288639, 0.0, 0.0, 0.0, 0.0, 0.77862595419847325, 0.18490245971162, 0.0, 0.0, 0.0, 0.0364715860899067, 0.0, 0.0, 0.0, 0.0, 0.0, 0.0, 0.0, 0.0, 0.0, 0.0, 0.0, 0.0, 0.0, 0.0, 0.0, 0.0, 0.0, 0.0, 0.0, 0.0, 0.028998242530755711, 0.0, 0.0, 0.0098167210645242284, 0.22116495104192818, 0.12696459954807934, 0.0, 0.0, 0.4477780567411499, 0.16527742907356263, 0.16081871345029239, 0.0, 0.0, 0.0, 0.049707602339181284, 0.36549707602339182, 0.0, 0.0, 0.32163742690058478, 0.1023391812865497]
['3FF2E0876DB3CA4BE2E69B474130DC0944DD85269A988606D2A2F7F808CB0CAE.apk.txt', 0.15811965811965811, 0.0, 0.0, 0.0, 0.61965811965811968, 0.19658119658119658, 0.0, 0.0, 0.0, 0.02564102564102564, 0.0, 0.0, 0.0, 0.0, 0.0, 0.0, 0.0, 0.0, 0.0, 0.0, 0.0, 0.0, 0.0, 0.0, 0.0, 0.0, 0.0, 0.0, 0.0, 0.0, 0.0, 0.0, 0.0, 0.28888888888888886, 0.64444444444444449, 0.0, 0.0, 0.0, 0.066666666666666666, 0.0, 0.0, 0.0, 0.0, 0.0, 0.98464491362763917, 0.0, 0.0, 0.0, 0.0, 0.015355086372360844, 0.0, 0.0, 0.0, 0.0, 0.56008583690987124, 0.40557939914163088, 0.0, 0.0, 0.0, 0.034334763948497854, 0.0, 0.0, 0.0, 0.0, 0.0, 0.0, 0.0, 0.0, 0.0, 0.0, 0.0, 0.0, 0.0, 0.0, 0.0, 0.0, 0.0, 0.0, 0.0, 0.0, 0.0015142690739662202, 0.0, 0.0, 0.016889924286546301, 0.30972626674432147, 0.28316831683168314, 0.0, 0.0, 0.36435643564356435, 0.024344787419918461, 0.0061425061425061421, 0.0, 0.0, 0.0, 0.015970515970515971, 0.26535626535626533, 0.0, 0.0, 0.63882063882063878, 0.073710073710073709]
['C844AC57FE1281C297A4DCE2685261F36CBF3F8E8AAC45908ECFED5ECD27F522.apk.txt', 0.0, 0.0, 0.0, 0.0, 0.0, 0.0, 0.0, 0.0, 0.0, 0.0, 0.0, 0.0, 0.0, 0.0, 0.0, 0.0, 0.0, 0.0, 0.0, 0.0, 0.0, 0.0, 0.0, 0.0, 0.0, 0.0, 0.0, 0.0, 0.0, 0.0, 0.0, 0.0, 0.0, 0.020833333333333332, 0.97916666666666663, 0.0, 0.0, 0.0, 0.0, 0.0, 0.0, 0.0, 0.0, 0.0, 1.0, 0.0, 0.0, 0.0, 0.0, 0.0, 0.0, 0.0, 0.0, 0.0, 0.74017257909875356, 0.23298178331735378, 0.0, 0.0, 0.0, 0.026845637583892617, 0.0, 0.0, 0.0, 0.0, 0.0, 0.0, 0.0, 0.0, 0.0, 0.0, 0.0, 0.0, 0.0, 0.0, 0.0, 0.0, 0.0, 0.0, 0.0, 0.0, 0.0, 0.0, 0.0, 0.010789980732177264, 0.30736030828516375, 0.24909441233140656, 0.0, 0.0, 0.25710982658959536, 0.17564547206165704, 0.0, 0.0, 0.0, 0.0, 0.24674214911343731, 0.052125614185003208, 0.0, 0.0, 0.02542191839350566, 0.67571031830805384]
['23CB6F572DB1A484749CCA23946F6C4318BB06EDD9B173A6244FD0163392C148.apk.txt', 0.0, 0.0, 0.0, 0.0, 0.0, 0.0, 0.0, 0.0, 0.0, 0.0, 0.0, 0.0, 0.0, 0.0, 0.0, 0.0, 0.0, 0.0, 0.0, 0.0, 0.0, 0.0, 0.0, 0.0, 0.0, 0.0, 0.0, 0.0, 0.0, 0.0, 0.0, 0.0, 0.0, 0.0, 1.0, 0.0, 0.0, 0.0, 0.0, 0.0, 0.0, 0.0, 0.0, 0.0, 1.0, 0.0, 0.0, 0.0, 0.0, 0.0, 0.0, 0.0, 0.0, 0.0, 0.58435337945715804, 0.38318254390633316, 0.0, 0.0, 0.0069185737094199038, 0.025545502927088876, 0.0, 0.0, 0.0, 0.0, 0.0, 0.0, 0.0, 0.0, 0.0, 0.0, 0.0, 0.0, 0.0, 0.0, 0.0, 0.0, 0.0, 0.0, 0.0, 0.0, 0.0, 0.0, 0.0, 0.00065608825602021727, 0.2286589070055646, 0.54030082861516782, 0.0, 0.0, 0.10373484314630768, 0.1266493329769397, 0.0, 0.0, 0.0, 0.0, 0.15384615384615385, 0.20227920227920229, 0.0, 0.0, 0.28205128205128205, 0.36182336182336183]
['C8E0DCDA89AA88B020599E931124A69AEB4ADE81CBC7276E7DF0B2B71DAF9F77.apk.txt', 0.0, 0.0, 0.0, 0.0, 0.0, 0.0, 0.0, 0.0, 0.0, 0.0, 0.0, 0.0, 0.0, 0.0, 0.0, 0.0, 0.0, 0.0, 0.0, 0.0, 0.0, 0.0, 0.0, 0.0, 0.0, 0.0, 0.0, 0.0, 0.0, 0.0, 0.0, 0.0, 0.0, 0.015384615384615385, 0.98461538461538467, 0.0, 0.0, 0.0, 0.0, 0.0, 0.0, 0.0, 0.0, 0.0, 1.0, 0.0, 0.0, 0.0, 0.0, 0.0, 0.0, 0.0, 0.0, 0.0, 0.79847182425978991, 0.18147086914995225, 0.0, 0.0, 0.0, 0.020057306590257881, 0.0, 0.0, 0.0, 0.0, 0.0, 0.0, 0.0, 0.0, 0.0, 0.0, 0.0, 0.0, 0.0, 0.0, 0.0, 0.0, 0.0, 0.0, 0.0, 0.0, 0.0, 0.0, 0.0, 0.023056057866184448, 0.332931484830219, 0.28953184649387181, 0.0, 0.0, 0.26888687964637331, 0.085593731163351422, 0.0, 0.0, 0.0, 0.0, 0.0, 0.38690476190476192, 0.0, 0.0, 0.52976190476190477, 0.083333333333333329]
['452EB1023517076D4805385287D5AD0100F9F76FB0C9F2A37443581FA8FC15E8.apk.txt', 0.0, 0.0, 0.0, 0.0, 0.0, 0.0, 0.0, 0.0, 0.0, 0.0, 0.0, 0.0, 0.0, 0.0, 0.0, 0.0, 0.0, 0.0, 0.0, 0.0, 0.0, 0.0, 0.0, 0.0, 0.0, 0.0, 0.0, 0.0, 0.0, 0.0, 0.0, 0.0, 0.0, 0.015873015873015872, 0.98412698412698407, 0.0, 0.0, 0.0, 0.0, 0.0, 0.0, 0.0, 0.0, 0.0, 0.99071207430340558, 0.0, 0.0, 0.0, 0.0, 0.0092879256965944269, 0.0, 0.0, 0.0, 0.0, 0.70930232558139539, 0.24563953488372092, 0.0, 0.0, 0.0, 0.045058139534883718, 0.0, 0.0, 0.0, 0.0, 0.0, 0.0, 0.0, 0.0, 0.0, 0.0, 0.0, 0.0, 0.0, 0.0, 0.0, 0.0, 0.0, 0.0, 0.0, 0.0, 0.0, 0.0, 0.0, 0.020157610949813356, 0.29393059587999448, 0.27266694317710494, 0.0, 0.0, 0.340384349509194, 0.072860500483893267, 0.0, 0.0, 0.0, 0.0, 0.0093632958801498131, 0.398876404494382, 0.0, 0.0, 0.5056179775280899, 0.086142322097378279]
['53553FCCE742BF4B021328AA85E2095F9AD89E4F42956BF5CDA3443EA73B21EC.apk.txt', 0.0, 0.0, 0.0, 0.0, 0.0, 0.0, 0.0, 0.0, 0.0, 0.0, 0.0, 0.0, 0.0, 0.0, 0.0, 0.0, 0.0, 0.0, 0.0, 0.0, 0.0, 0.0, 0.0, 0.0, 0.0, 0.0, 0.0, 0.0, 0.0, 0.0, 0.0, 0.0, 0.0, 0.011627906976744186, 0.98837209302325579, 0.0, 0.0, 0.0, 0.0, 0.0, 0.0, 0.0, 0.0, 0.0, 0.99239956568946797, 0.0, 0.0, 0.0, 0.0, 0.0076004343105320303, 0.0, 0.0, 0.0, 0.0, 0.60957683741648105, 0.32962138084632514, 0.0, 0.0, 0.0033407572383073497, 0.057461024498886418, 0.0, 0.0, 0.0, 0.0, 0.0, 0.0, 0.0, 0.0, 0.0, 0.0, 0.0, 0.0, 0.0, 0.0, 0.0, 0.0, 0.0, 0.0, 0.0, 0.0, 0.00014527200164641602, 0.0, 0.0, 0.0093700441061938325, 0.21674986178983177, 0.11880021467973577, 0.0, 0.0, 0.51552998050933974, 0.13940462691325245, 0.0, 0.0, 0.0, 0.0, 0.082942287768907302, 0.33115972941678345, 0.0, 0.0, 0.33871655798647082, 0.24718142482783839]
['E331F5B0D54E64B6F8F82A625370BD9AF623D4B48654EDB21968CA6AE61E5848.apk.txt', 0.29268292682926828, 0.0, 0.0, 0.0, 0.56097560975609762, 0.14634146341463414, 0.0, 0.0, 0.0, 0.0, 0.0, 0.0, 0.0, 0.0, 0.0, 0.0, 0.0, 0.0, 0.0, 0.0, 0.0, 0.0, 0.0, 0.0, 0.0, 0.0, 0.0, 0.0, 0.0, 0.0, 0.0, 0.0, 0.0, 0.28888888888888886, 0.64444444444444449, 0.0, 0.0, 0.0, 0.066666666666666666, 0.0, 0.0, 0.0, 0.0, 0.0, 0.98606271777003485, 0.0, 0.0, 0.0, 0.0, 0.013937282229965157, 0.0, 0.0, 0.0, 0.0, 0.50550847457627124, 0.41228813559322036, 0.0, 0.0, 0.0, 0.082203389830508469, 0.0, 0.0, 0.0, 0.0, 0.0, 0.0, 0.0, 0.0, 0.0, 0.0, 0.0, 0.0, 0.0, 0.0, 0.0, 0.0, 0.0, 0.0, 0.0, 0.0, 0.0012400110223201985, 0.0, 0.0, 0.019977955359603197, 0.28451364012124553, 0.3051804904932488, 0.0, 0.0, 0.3569853954257371, 0.032102507577845135, 0.011235955056179775, 0.0, 0.0, 0.0, 0.033707865168539325, 0.39101123595505616, 0.0, 0.0, 0.51910112359550564, 0.0449438202247191]
['DE72FA43778F1664CA7EC74644D53A4957E0348DBACE03DF702C817846E5D1B8.apk.txt', 0.0, 0.0, 0.0, 0.0, 0.0, 0.0, 0.0, 0.0, 0.0, 0.0, 0.0, 0.0, 0.0, 0.0, 0.0, 0.0, 0.0, 0.0, 0.0, 0.0, 0.0, 0.0, 0.0, 0.0, 0.0, 0.0, 0.0, 0.0, 0.0, 0.0, 0.0, 0.0, 0.0, 0.0, 1.0, 0.0, 0.0, 0.0, 0.0, 0.0, 0.0, 0.0, 0.0, 0.0, 1.0, 0.0, 0.0, 0.0, 0.0, 0.0, 0.0, 0.0, 0.0, 0.0, 0.81302774427020508, 0.17490952955367914, 0.0, 0.0, 0.0, 0.012062726176115802, 0.0, 0.0, 0.0, 0.0, 0.0, 0.0, 0.0, 0.0, 0.0, 0.0, 0.0, 0.0, 0.0, 0.0, 0.0, 0.0, 0.0, 0.0, 0.0, 0.0, 0.0, 0.0, 0.0, 0.00074188562596599688, 0.24191653786707881, 0.25845440494590416, 0.0, 0.0, 0.26139103554868626, 0.23749613601236477, 0.0, 0.0, 0.0, 0.0, 0.0, 0.45080091533180777, 0.0, 0.0, 0.47139588100686497, 0.07780320366132723]
['D4A5EBDC7C453D5CB4B37E1AAD4F5C9125410ADC436032EB723142FCE3067466.apk.txt', 0.0, 0.0, 0.0, 0.0, 0.0, 0.0, 0.0, 0.0, 0.0, 0.0, 0.0, 0.0, 0.0, 0.0, 0.0, 0.0, 0.0, 0.0, 0.0, 0.0, 0.0, 0.0, 0.0, 0.0, 0.0, 0.0, 0.0, 0.0, 0.0, 0.0, 0.0, 0.0, 0.0, 0.023255813953488372, 0.97674418604651159, 0.0, 0.0, 0.0, 0.0, 0.0, 0.0, 0.0, 0.0, 0.0, 1.0, 0.0, 0.0, 0.0, 0.0, 0.0, 0.0, 0.0, 0.0, 0.0, 0.78690036900369009, 0.18634686346863469, 0.0, 0.0, 0.0, 0.026752767527675275, 0.0, 0.0, 0.0, 0.0, 0.0, 0.0, 0.0, 0.0, 0.0, 0.0, 0.0, 0.0, 0.0, 0.0, 0.0, 0.0, 0.0, 0.0, 0.0, 0.0, 0.0, 0.0, 0.0, 0.015621562156215622, 0.33080308030803079, 0.2968830216354969, 0.0, 0.0, 0.24554455445544554, 0.11114778144481115, 0.0, 0.0, 0.0, 0.0, 0.0, 0.40799999999999997, 0.0, 0.0, 0.49199999999999999, 0.10000000000000001]
['9C25BA8837BDEA64FC57725FDF0E0AA8F45C4B28A5AF0878911D3BEE490BCF9A.apk.txt', 0.0, 0.0, 0.0, 0.0, 0.0, 0.0, 0.0, 0.0, 0.0, 0.0, 0.0, 0.0, 0.0, 0.0, 0.0, 0.0, 0.0, 0.0, 0.0, 0.0, 0.0, 0.0, 0.0, 0.0, 0.0, 0.0, 0.0, 0.0, 0.0, 0.0, 0.0, 0.0, 0.0, 0.02564102564102564, 0.97435897435897434, 0.0, 0.0, 0.0, 0.0, 0.0, 0.0, 0.0, 0.0, 0.0, 1.0, 0.0, 0.0, 0.0, 0.0, 0.0, 0.0, 0.0, 0.0, 0.0, 0.7810839532412327, 0.20616365568544101, 0.0, 0.0, 0.0, 0.012752391073326248, 0.0, 0.0, 0.0, 0.0, 0.0, 0.0, 0.0, 0.0, 0.0, 0.0, 0.0, 0.0, 0.0, 0.0, 0.0, 0.0, 0.0, 0.0, 0.0, 0.0, 0.0, 0.0, 0.0, 0.012676508344030809, 0.30551989730423618, 0.26262302096705176, 0.0, 0.0, 0.33643560119811722, 0.082744972186563973, 0.0, 0.0, 0.0, 0.0, 0.0, 0.43225806451612903, 0.0, 0.0, 0.52258064516129032, 0.045161290322580643]
['4D8FA1A573BD985B58D2B01BEC6215B3844EA146534C1E2930D3B5A528D9A9BA.apk.txt', 0.41992787498330442, 0.0, 0.0, 0.0046747696006411111, 0.28930145585681849, 0.21397088286363028, 0.0, 0.0, 0.011620141578736476, 0.060504875116869243, 0.0, 0.0, 0.0, 0.0, 0.0, 0.0, 0.0, 0.0, 0.0, 0.0, 0.0, 0.0, 0.0, 0.0, 0.0, 0.0, 0.0, 0.0, 0.0, 0.0, 0.0, 0.0, 0.0, 0.0, 1.0, 0.0, 0.0, 0.0, 0.0, 0.0, 0.0, 0.0, 0.0, 0.0, 0.9822616407982262, 0.0, 0.0, 0.0, 0.0, 0.017738359201773836, 0.0, 0.0, 0.0, 0.0, 0.72859450726979003, 0.23586429725363489, 0.0, 0.0, 0.0, 0.035541195476575124, 0.0, 0.0, 0.0, 0.0, 0.0, 0.0, 0.0, 0.0, 0.0, 0.0, 0.0, 0.0, 0.0, 0.0, 0.0, 0.0, 0.0, 0.0, 0.0, 0.0, 0.14150943396226415, 0.0, 0.0, 0.0, 0.35849056603773582, 0.37735849056603776, 0.0, 0.0, 0.11320754716981132, 0.009433962264150943, 0.29347826086956524, 0.0, 0.0, 0.0, 0.010869565217391304, 0.34782608695652173, 0.0, 0.0, 0.21739130434782608, 0.13043478260869565]
['37BBB8F2B433D1ED671DAA78F40447C8035A90C662E8CC0A895F8AD501CD7D41.apk.txt', 0.0, 0.0, 0.0, 0.0, 0.0, 0.0, 0.0, 0.0, 0.0, 0.0, 0.0, 0.0, 0.0, 0.0, 0.0, 0.0, 0.0, 0.0, 0.0, 0.0, 0.0, 0.0, 0.0, 0.0, 0.0, 0.0, 0.0, 0.0, 0.0, 0.0, 0.0, 0.0, 0.0, 0.0, 1.0, 0.0, 0.0, 0.0, 0.0, 0.0, 0.0, 0.0, 0.0, 0.0, 1.0, 0.0, 0.0, 0.0, 0.0, 0.0, 0.0, 0.0, 0.0, 0.0, 0.78612716763005785, 0.18612716763005779, 0.0, 0.0, 0.015028901734104046, 0.012716763005780347, 0.0, 0.0, 0.0, 0.0, 0.0, 0.0, 0.0, 0.0, 0.0, 0.0, 0.0, 0.0, 0.0, 0.0, 0.0, 0.0, 0.0, 0.0, 0.0, 0.0, 0.0, 0.0, 0.0, 0.00087713059763411803, 0.32335300950619916, 0.34945357134390631, 0.0, 0.0, 0.14896996420358913, 0.17734632434867126, 0.0, 0.0, 0.0, 0.0, 0.1571290009699321, 0.22308438409311349, 0.0, 0.0, 0.24830261881668284, 0.37148399612027155]
['505DA29D597665226FA58EBCC72601D347DF37CA01A85605AF8540FB8ACCDB38.apk.txt', 0.0, 0.0, 0.0, 0.0, 0.0, 0.0, 0.0, 0.0, 0.0, 0.0, 0.0, 0.0, 0.0, 0.0, 0.0, 0.0, 0.0, 0.0, 0.0, 0.0, 0.0, 0.0, 0.0, 0.0, 0.0, 0.0, 0.0, 0.0, 0.0, 0.0, 0.0, 0.0, 0.0, 0.0, 0.0, 0.0, 0.0, 0.0, 0.0, 0.0, 0.0, 0.0, 0.0, 0.0, 0.99609375, 0.0, 0.0, 0.0, 0.0, 0.00390625, 0.0, 0.0, 0.0, 0.0, 0.86440677966101698, 0.13559322033898305, 0.0, 0.0, 0.0, 0.0, 0.0, 0.0, 0.0, 0.0, 0.0, 0.0, 0.0, 0.0, 0.0, 0.0, 0.0, 0.0, 0.0, 0.0, 0.0, 0.0, 0.0, 0.0, 0.0, 0.0, 0.0, 0.0, 0.0, 0.0, 0.47321733196861138, 0.42101671784373934, 0.0, 0.0, 0.10167178437393382, 0.0040941658137154556, 0.0, 0.0, 0.0, 0.0, 0.0, 0.51282051282051277, 0.0, 0.0, 0.48717948717948717, 0.0]
['822411AAB793E55ED577BC191ABE99026EC1EB3554A7BF28EB593954FD86B273.apk.txt', 0.0, 0.0, 0.0, 0.0, 0.0, 0.0, 0.0, 0.0, 0.0, 0.0, 0.0, 0.0, 0.0, 0.0, 0.0, 0.0, 0.0, 0.0, 0.0, 0.0, 0.0, 0.0, 0.0, 0.0, 0.0, 0.0, 0.0, 0.0, 0.0, 0.0, 0.0, 0.0, 0.0, 0.0, 1.0, 0.0, 0.0, 0.0, 0.0, 0.0, 0.0, 0.0, 0.0, 0.0, 1.0, 0.0, 0.0, 0.0, 0.0, 0.0, 0.0, 0.0, 0.0, 0.0, 0.81257557436517536, 0.17533252720677148, 0.0, 0.0, 0.0, 0.012091898428053204, 0.0, 0.0, 0.0, 0.0, 0.0, 0.0, 0.0, 0.0, 0.0, 0.0, 0.0, 0.0, 0.0, 0.0, 0.0, 0.0, 0.0, 0.0, 0.0, 0.0, 0.0, 0.0, 0.0, 0.00077717330964805148, 0.21938492283779282, 0.23848118130343066, 0.0, 0.0, 0.2854816624107176, 0.25587506013841088, 0.0, 0.0, 0.0, 0.00053248136315228972, 0.33723819666311677, 0.37007454739084134, 0.0, 0.0, 0.11661341853035144, 0.17554135605253815]
['12CCCDD97C83E49380ECC2D967737CABBF2970413C0AAEC8903673C50EDEBDC2.apk.txt', 0.0, 0.0, 0.0, 0.0, 0.0, 0.0, 0.0, 0.0, 0.0, 0.0, 0.0, 0.0, 0.0, 0.0, 0.0, 0.0, 0.0, 0.0, 0.0, 0.0, 0.0, 0.0, 0.0, 0.0, 0.0, 0.0, 0.0, 0.0, 0.0, 0.0, 0.0, 0.0, 0.0, 0.0, 1.0, 0.0, 0.0, 0.0, 0.0, 0.0, 0.0, 0.0, 0.0, 0.0, 1.0, 0.0, 0.0, 0.0, 0.0, 0.0, 0.0, 0.0, 0.0, 0.0, 0.58435337945715804, 0.38318254390633316, 0.0, 0.0, 0.0069185737094199038, 0.025545502927088876, 0.0, 0.0, 0.0, 0.0, 0.0, 0.0, 0.0, 0.0, 0.0, 0.0, 0.0, 0.0, 0.0, 0.0, 0.0, 0.0, 0.0, 0.0, 0.0, 0.0, 0.0, 0.0, 0.0, 0.00065608825602021727, 0.2286589070055646, 0.54030082861516782, 0.0, 0.0, 0.10373484314630768, 0.1266493329769397, 0.0, 0.0, 0.0, 0.0, 0.15384615384615385, 0.20227920227920229, 0.0, 0.0, 0.28205128205128205, 0.36182336182336183]
['5C5D695711CDE1D01D38BBFC1068651F8EF71856FEDC858C43A35267B0841D8F.apk.txt', 0.0, 0.0, 0.0, 0.0, 0.0, 0.0, 0.0, 0.0, 0.0, 0.0, 0.0, 0.0, 0.0, 0.0, 0.0, 0.0, 0.0, 0.0, 0.0, 0.0, 0.0, 0.0, 0.0, 0.0, 0.0, 0.0, 0.0, 0.0, 0.0, 0.0, 0.0, 0.0, 0.0, 0.0, 1.0, 0.0, 0.0, 0.0, 0.0, 0.0, 0.0, 0.0, 0.0, 0.0, 1.0, 0.0, 0.0, 0.0, 0.0, 0.0, 0.0, 0.0, 0.0, 0.0, 0.79679802955665024, 0.18596059113300492, 0.0, 0.0, 0.0, 0.017241379310344827, 0.0, 0.0, 0.0, 0.0, 0.0, 0.0, 0.0, 0.0, 0.0, 0.0, 0.0, 0.0, 0.0, 0.0, 0.0, 0.0, 0.0, 0.0, 0.0, 0.0, 0.0, 0.0, 0.0, 0.013708860084280152, 0.35189630340854539, 0.36427161679202008, 0.0, 0.0, 0.15053075158692059, 0.11959246812823385, 0.0, 0.0, 0.0, 0.0, 0.0031847133757961785, 0.43312101910828027, 0.0, 0.0, 0.49363057324840764, 0.070063694267515922]
['1DC74CB4A2062AAC1692BFE6F041C5ECB57ADEBBBBDBBA5D4A728E6D2217A2D0.apk.txt', 0.15811965811965811, 0.0, 0.0, 0.0, 0.61965811965811968, 0.19658119658119658, 0.0, 0.0, 0.0, 0.02564102564102564, 0.0, 0.0, 0.0, 0.0, 0.0, 0.0, 0.0, 0.0, 0.0, 0.0, 0.0, 0.0, 0.0, 0.0, 0.0, 0.0, 0.0, 0.0, 0.0, 0.0, 0.0, 0.0, 0.0, 0.28888888888888886, 0.64444444444444449, 0.0, 0.0, 0.0, 0.066666666666666666, 0.0, 0.0, 0.0, 0.0, 0.0, 0.98467432950191569, 0.0, 0.0, 0.0, 0.0, 0.01532567049808429, 0.0, 0.0, 0.0, 0.0, 0.5571725571725572, 0.40956340956340959, 0.0, 0.0, 0.0, 0.033264033264033266, 0.0, 0.0, 0.0, 0.0, 0.0, 0.0, 0.0, 0.0, 0.0, 0.0, 0.0, 0.0, 0.0, 0.0, 0.0, 0.0, 0.0, 0.0, 0.0, 0.0, 0.0023272466881489439, 0.0, 0.0, 0.025957751521661295, 0.31757966344432509, 0.3306480486931615, 0.0, 0.0, 0.29144289294665232, 0.032044396706050839, 0.015290519877675841, 0.0, 0.0, 0.0, 0.039755351681957186, 0.35474006116207951, 0.0, 0.0, 0.52599388379204892, 0.064220183486238536]
['72C6E4F531D44E97BFE86EB6E3E609A19128464A80C843AB9739FF4F12111186.apk.txt', 0.0, 0.0, 0.0, 0.0, 0.0, 0.0, 0.0, 0.0, 0.0, 0.0, 0.0, 0.0, 0.0, 0.0, 0.0, 0.0, 0.0, 0.0, 0.0, 0.0, 0.0, 0.0, 0.0, 0.0, 0.0, 0.0, 0.0, 0.0, 0.0, 0.0, 0.0, 0.0, 0.0, 0.0, 1.0, 0.0, 0.0, 0.0, 0.0, 0.0, 0.0, 0.0, 0.0, 0.0, 1.0, 0.0, 0.0, 0.0, 0.0, 0.0, 0.0, 0.0, 0.0, 0.0, 0.77486338797814203, 0.20218579234972678, 0.0, 0.0, 0.0, 0.022950819672131147, 0.0, 0.0, 0.0, 0.0, 0.0, 0.0, 0.0, 0.0, 0.0, 0.0, 0.0, 0.0, 0.0, 0.0, 0.0, 0.0, 0.0, 0.0, 0.0, 0.0, 0.0, 0.0, 0.0, 0.009707054948864622, 0.29802969896573639, 0.26313052522100883, 0.0, 0.0, 0.15901080487663952, 0.27012191598775059, 0.0, 0.0, 0.0, 0.0, 0.24221748400852877, 0.023027718550106609, 0.0, 0.0, 0.061194029850746269, 0.67356076759061834]
['8C0348A64E344032C6E6C85A7895D365003754A1CBF1710F50F876B399FD8C1E.apk.txt', 0.0, 0.0, 0.0, 0.0, 0.0, 0.0, 0.0, 0.0, 0.0, 0.0, 0.0, 0.0, 0.0, 0.0, 0.0, 0.0, 0.0, 0.0, 0.0, 0.0, 0.0, 0.0, 0.0, 0.0, 0.0, 0.0, 0.0, 0.0, 0.0, 0.0, 0.0, 0.0, 0.0, 0.0, 1.0, 0.0, 0.0, 0.0, 0.0, 0.0, 0.0, 0.0, 0.0, 0.0, 0.99891067538126366, 0.0, 0.0, 0.0, 0.0, 0.0010893246187363835, 0.0, 0.0, 0.0, 0.0, 0.80966767371601212, 0.18328298086606243, 0.0, 0.0, 0.0, 0.0070493454179254783, 0.0, 0.0, 0.0, 0.0, 0.0, 0.0, 0.0, 0.0, 0.0, 0.0, 0.0, 0.0, 0.0, 0.0, 0.0, 0.0, 0.0, 0.0, 0.0, 0.0, 0.0, 0.0, 0.0, 0.0062559297912713474, 0.28756522770398479, 0.24712405123339659, 0.0, 0.0, 0.2205585863377609, 0.23849620493358634, 0.0, 0.0, 0.0, 0.001191286589516678, 0.23859768550034036, 0.078284547311095978, 0.0, 0.0, 0.1113002042205582, 0.57062627637848873]
['3E72B805083F2E8AA3386F407BD9DB16ED6CFCBEF6011CC697A0B7CB3802FBA9.apk.txt', 0.0, 0.0, 0.0, 0.0, 0.0, 0.0, 0.0, 0.0, 0.0, 0.0, 0.0, 0.0, 0.0, 0.0, 0.0, 0.0, 0.0, 0.0, 0.0, 0.0, 0.0, 0.0, 0.0, 0.0, 0.0, 0.0, 0.0, 0.0, 0.0, 0.0, 0.0, 0.0, 0.0, 0.019230769230769232, 0.98076923076923073, 0.0, 0.0, 0.0, 0.0, 0.0, 0.0, 0.0, 0.0, 0.0, 1.0, 0.0, 0.0, 0.0, 0.0, 0.0, 0.0, 0.0, 0.0, 0.0, 0.78475798146240994, 0.19361483007209063, 0.0, 0.0, 0.0, 0.021627188465499485, 0.0, 0.0, 0.0, 0.0, 0.0, 0.0, 0.0, 0.0, 0.0, 0.0, 0.0, 0.0, 0.0, 0.0, 0.0, 0.0, 0.0, 0.0, 0.0, 0.0, 0.0, 0.0, 0.0, 0.02037569601664321, 0.34754940953313346, 0.30257602643333537, 0.0, 0.0, 0.2435905280548247, 0.085908339962063263, 0.0, 0.0, 0.0, 0.0, 0.0, 0.39263803680981596, 0.0, 0.0, 0.52760736196319014, 0.079754601226993863]
['42DE3B45A643146B024A06E078E0398EB996AFA43D45A34D7A33F96DA73BCBCF.apk.txt', 0.0, 0.0, 0.0, 0.0, 0.0, 0.0, 0.0, 0.0, 0.0, 0.0, 0.0, 0.0, 0.0, 0.0, 0.0, 0.0, 0.0, 0.0, 0.0, 0.0, 0.0, 0.0, 0.0, 0.0, 0.0, 0.0, 0.0, 0.0, 0.0, 0.0, 0.0, 0.0, 0.0, 0.013698630136986301, 0.98630136986301364, 0.0, 0.0, 0.0, 0.0, 0.0, 0.0, 0.0, 0.0, 0.0, 0.99101527403414191, 0.0, 0.0, 0.0, 0.0, 0.0089847259658580418, 0.0, 0.0, 0.0, 0.0, 0.52574031890660589, 0.43280182232346243, 0.0, 0.0, 0.0, 0.04145785876993166, 0.0, 0.0, 0.0, 0.0, 0.0, 0.0, 0.0, 0.0, 0.0, 0.0, 0.0, 0.0, 0.0, 0.0, 0.0, 0.0, 0.0, 0.0, 0.0, 0.0, 0.0, 0.0, 0.0, 0.012735621686074537, 0.2470253951340792, 0.25846715884009436, 0.0, 0.0, 0.41086333307963568, 0.070908491260116197, 0.0, 0.0, 0.0, 0.0, 0.0, 0.37656903765690375, 0.0, 0.0, 0.5146443514644351, 0.10878661087866109]
['71CF47E347F494BF7BCEAD2A99F26C3ACA4FD5EAED6CE7F5F21CDB25EA47C931.apk.txt', 0.41992787498330442, 0.0, 0.0, 0.0046747696006411111, 0.28930145585681849, 0.21397088286363028, 0.0, 0.0, 0.011620141578736476, 0.060504875116869243, 0.0, 0.0, 0.0, 0.0, 0.0, 0.0, 0.0, 0.0, 0.0, 0.0, 0.0, 0.0, 0.0, 0.0, 0.0, 0.0, 0.0, 0.0, 0.0, 0.0, 0.0, 0.0, 0.0, 0.0, 1.0, 0.0, 0.0, 0.0, 0.0, 0.0, 0.0, 0.0, 0.0, 0.0, 0.9822616407982262, 0.0, 0.0, 0.0, 0.0, 0.017738359201773836, 0.0, 0.0, 0.0, 0.0, 0.72859450726979003, 0.23586429725363489, 0.0, 0.0, 0.0, 0.035541195476575124, 0.0, 0.0, 0.0, 0.0, 0.0, 0.0, 0.0, 0.0, 0.0, 0.0, 0.0, 0.0, 0.0, 0.0, 0.0, 0.0, 0.0, 0.0, 0.0, 0.0, 0.14150943396226415, 0.0, 0.0, 0.0, 0.35849056603773582, 0.37735849056603776, 0.0, 0.0, 0.11320754716981132, 0.009433962264150943, 0.29347826086956524, 0.0, 0.0, 0.0, 0.010869565217391304, 0.34782608695652173, 0.0, 0.0, 0.21739130434782608, 0.13043478260869565]
['C5861545D23A1E0D6900299312D5AD328C10070A0A1996A825C7F5D9BCCB820F.apk.txt', 0.0, 0.0, 0.0, 0.0, 0.0, 0.0, 0.0, 0.0, 0.0, 0.0, 0.0, 0.0, 0.0, 0.0, 0.0, 0.0, 0.0, 0.0, 0.0, 0.0, 0.0, 0.0, 0.0, 0.0, 0.0, 0.0, 0.0, 0.0, 0.0, 0.0, 0.0, 0.0, 0.0, 0.22201138519924099, 0.21252371916508539, 0.37001897533206829, 0.0, 0.0, 0.074003795066413663, 0.12144212523719165, 0.0, 0.0, 0.0, 0.0, 1.0, 0.0, 0.0, 0.0, 0.0, 0.0, 0.0, 0.0, 0.0, 0.0, 0.75426356589147292, 0.20232558139534884, 0.0, 0.0, 0.0, 0.043410852713178294, 0.0, 0.0, 0.0, 0.0, 0.0, 0.0, 0.0, 0.0, 0.0, 0.0, 0.0, 0.0, 0.0, 0.0, 0.0, 0.0, 0.0, 0.0, 0.0, 0.0, 0.0, 0.0, 0.0, 0.046891689809869685, 0.29299295022431104, 0.31488998077333902, 0.0, 0.0, 0.20035782952360606, 0.14486754966887416, 0.0, 0.0, 0.0, 0.02307067424857839, 0.1957757920389927, 0.059951259138911452, 0.0, 0.0, 0.069699431356620628, 0.65150284321689678]
['E09A9F965CE63719188D21356673BDE070DEF74ED7933CEDBFBA3A85F653C8E4.apk.txt', 0.0, 0.0, 0.0, 0.0, 0.0, 0.0, 0.0, 0.0, 0.0, 0.0, 0.0, 0.0, 0.0, 0.0, 0.0, 0.0, 0.0, 0.0, 0.0, 0.0, 0.0, 0.0, 0.0, 0.0, 0.0, 0.0, 0.0, 0.0, 0.0, 0.0, 0.0, 0.0, 0.0, 0.023255813953488372, 0.97674418604651159, 0.0, 0.0, 0.0, 0.0, 0.0, 0.0, 0.0, 0.0, 0.0, 0.99782608695652175, 0.0, 0.0, 0.0, 0.0, 0.0021739130434782609, 0.0, 0.0, 0.0, 0.0, 0.80255941499085925, 0.17824497257769653, 0.0, 0.0, 0.0, 0.019195612431444242, 0.0, 0.0, 0.0, 0.0, 0.0, 0.0, 0.0, 0.0, 0.0, 0.0, 0.0, 0.0, 0.0, 0.0, 0.0, 0.0, 0.0, 0.0, 0.0, 0.0, 0.0, 0.0, 0.0, 0.015532991692395836, 0.31139192157112389, 0.27902091224496289, 0.0, 0.0, 0.29872362096953881, 0.095330553521978542, 0.0, 0.0, 0.0, 0.012635835228708618, 0.29896386151124588, 0.27419762446297702, 0.0, 0.0, 0.21468284053575942, 0.19951983826130906]
['5EDC9102D2710279AC6B95B700A44EC1CE85C259326B85009194280761A06286.apk.txt', 0.0, 0.0, 0.0, 0.0, 0.0, 0.0, 0.0, 0.0, 0.0, 0.0, 0.0, 0.0, 0.0, 0.0, 0.0, 0.0, 0.0, 0.0, 0.0, 0.0, 0.0, 0.0, 0.0, 0.0, 0.0, 0.0, 0.0, 0.0, 0.0, 0.0, 0.0, 0.0, 0.0, 0.0, 1.0, 0.0, 0.0, 0.0, 0.0, 0.0, 0.0, 0.0, 0.0, 0.0, 1.0, 0.0, 0.0, 0.0, 0.0, 0.0, 0.0, 0.0, 0.0, 0.0, 0.78587962962962965, 0.18634259259259259, 0.0, 0.0, 0.015046296296296295, 0.012731481481481481, 0.0, 0.0, 0.0, 0.0, 0.0, 0.0, 0.0, 0.0, 0.0, 0.0, 0.0, 0.0, 0.0, 0.0, 0.0, 0.0, 0.0, 0.0, 0.0, 0.0, 0.0, 0.0, 0.0, 0.0013233082706766918, 0.32451127819548869, 0.37702255639097743, 0.0, 0.0, 0.14887218045112782, 0.14827067669172933, 0.0, 0.0, 0.0, 0.0004623921085080148, 0.3227496917385943, 0.32644882860665847, 0.0, 0.0, 0.10450061652281134, 0.24583847102342787]
['0F78CA4E752D1B94D4F989D38439E166AAE2E1ACF566DD5D6275776C6EF4612F.apk.txt', 0.0, 0.0, 0.0, 0.0, 0.0, 0.0, 0.0, 0.0, 0.0, 0.0, 0.0, 0.0, 0.0, 0.0, 0.0, 0.0, 0.0, 0.0, 0.0, 0.0, 0.0, 0.0, 0.0, 0.0, 0.0, 0.0, 0.0, 0.0, 0.0, 0.0, 0.0, 0.0, 0.0, 0.0, 1.0, 0.0, 0.0, 0.0, 0.0, 0.0, 0.0, 0.0, 0.0, 0.0, 0.98636363636363633, 0.0, 0.0, 0.0, 0.0, 0.013636363636363636, 0.0, 0.0, 0.0, 0.0, 0.58004640371229699, 0.36117556071152357, 0.0, 0.0, 0.0, 0.05877803557617943, 0.0, 0.0, 0.0, 0.0, 0.0, 0.0, 0.0, 0.0, 0.0, 0.0, 0.0, 0.0, 0.0, 0.0, 0.0, 0.0, 0.0, 0.0, 0.0, 0.0, 0.0020978104103841614, 0.0, 0.0, 0.0080634587649141207, 0.2595384817097155, 0.28005768978628559, 0.0, 0.0, 0.32483283073292252, 0.12540972859577815, 0.0, 0.0, 0.0, 0.002472187886279357, 0.12896580140090647, 0.26699629171817058, 0.0, 0.0, 0.184590028842192, 0.41697569015245156]
['13002972BF10B8AE624C8E21ABF4382743E6314A6B11EE44BA7BF8FC6AF4A4B6.apk.txt', 0.0, 0.0, 0.0, 0.0, 0.0, 0.0, 0.0, 0.0, 0.0, 0.0, 0.0, 0.0, 0.0, 0.0, 0.0, 0.0, 0.0, 0.0, 0.0, 0.0, 0.0, 0.0, 0.0, 0.0, 0.0, 0.0, 0.0, 0.0, 0.0, 0.0, 0.0, 0.0, 0.0, 0.023255813953488372, 0.97674418604651159, 0.0, 0.0, 0.0, 0.0, 0.0, 0.0, 0.0, 0.0, 0.0, 1.0, 0.0, 0.0, 0.0, 0.0, 0.0, 0.0, 0.0, 0.0, 0.0, 0.78708375378405648, 0.19172552976791121, 0.0, 0.0, 0.0, 0.02119071644803229, 0.0, 0.0, 0.0, 0.0, 0.0, 0.0, 0.0, 0.0, 0.0, 0.0, 0.0, 0.0, 0.0, 0.0, 0.0, 0.0, 0.0, 0.0, 0.0, 0.0, 0.0, 0.0, 0.0, 0.019238662015185717, 0.34270469936384157, 0.32249127847321979, 0.0, 0.0, 0.23994459265339627, 0.075620767494356658, 0.0, 0.0, 0.0, 0.0, 0.0, 0.42690058479532161, 0.0, 0.0, 0.49707602339181284, 0.076023391812865493]
['5CF513696D0F93915BEAAA49480492CCABBD59CC92B1EC46810EE3B036348684.apk.txt', 0.0, 0.0, 0.0, 0.0, 0.0, 0.0, 0.0, 0.0, 0.0, 0.0, 0.0, 0.0, 0.0, 0.0, 0.0, 0.0, 0.0, 0.0, 0.0, 0.0, 0.0, 0.0, 0.0, 0.0, 0.0, 0.0, 0.0, 0.0, 0.0, 0.0, 0.0, 0.0, 0.0, 0.015873015873015872, 0.98412698412698407, 0.0, 0.0, 0.0, 0.0, 0.0, 0.0, 0.0, 0.0, 0.0, 0.98942420681551113, 0.0, 0.0, 0.0, 0.0, 0.010575793184488837, 0.0, 0.0, 0.0, 0.0, 0.77070707070707067, 0.20202020202020202, 0.0, 0.0, 0.0, 0.027272727272727271, 0.0, 0.0, 0.0, 0.0, 0.0, 0.0, 0.0, 0.0, 0.0, 0.0, 0.0, 0.0, 0.0, 0.0, 0.0, 0.0, 0.0, 0.0, 0.0, 0.0, 0.0, 0.0, 0.0, 0.031367318711717052, 0.3639102944082197, 0.32701047223868801, 0.0, 0.0, 0.19946650859513931, 0.078245406046235921, 0.0, 0.0, 0.0, 0.0, 0.13837638376383765, 0.32656826568265684, 0.0, 0.0, 0.32841328413284132, 0.20664206642066421]
['E92F2371CB907C9AD59A7E0BBA7926C64994F02ED8FAA249E4918B33E98C330D.apk.txt', 0.49110490082475633, 0.0, 0.0, 0.0040215390907231956, 0.19569218185536091, 0.23427169245450208, 0.0, 0.0, 0.022902324313271077, 0.05200736146138641, 0.0, 0.0, 0.0, 0.0, 0.0, 0.0, 0.0, 0.0, 0.0, 0.0, 0.0, 0.0, 0.0, 0.0, 0.0, 0.0, 0.0, 0.0, 0.0, 0.0, 0.0, 0.0, 0.0, 0.0, 1.0, 0.0, 0.0, 0.0, 0.0, 0.0, 0.0, 0.0, 0.0, 0.0, 0.98627787307032588, 0.0, 0.0, 0.0, 0.0, 0.013722126929674099, 0.0, 0.0, 0.0, 0.0, 0.53853253345639129, 0.41578218735579142, 0.0, 0.0, 0.0, 0.045685279187817257, 0.0, 0.0, 0.0, 0.0, 0.0, 0.0, 0.0, 0.0, 0.0, 0.0, 0.0, 0.0, 0.0, 0.0, 0.0, 0.0, 0.0, 0.0, 0.0, 0.0, 0.049429657794676805, 0.0, 0.0, 0.0, 0.37642585551330798, 0.20278833967046894, 0.0, 0.0, 0.28390367553865653, 0.087452471482889732, 0.50777202072538863, 0.0, 0.0, 0.0, 0.02072538860103627, 0.26424870466321243, 0.0, 0.0, 0.16062176165803108, 0.046632124352331605]
['40E4584E24ECD510032EF1D8015D04B916A769B095B94397EDA43CD236B8CA07.apk.txt', 0.0, 0.0, 0.0, 0.0, 0.0, 0.0, 0.0, 0.0, 0.0, 0.0, 0.0, 0.0, 0.0, 0.0, 0.0, 0.0, 0.0, 0.0, 0.0, 0.0, 0.0, 0.0, 0.0, 0.0, 0.0, 0.0, 0.0, 0.0, 0.0, 0.0, 0.0, 0.0, 0.0, 0.015384615384615385, 0.98461538461538467, 0.0, 0.0, 0.0, 0.0, 0.0, 0.0, 0.0, 0.0, 0.0, 1.0, 0.0, 0.0, 0.0, 0.0, 0.0, 0.0, 0.0, 0.0, 0.0, 0.79904761904761901, 0.18095238095238095, 0.0, 0.0, 0.0, 0.02, 0.0, 0.0, 0.0, 0.0, 0.0, 0.0, 0.0, 0.0, 0.0, 0.0, 0.0, 0.0, 0.0, 0.0, 0.0, 0.0, 0.0, 0.0, 0.0, 0.0, 0.0, 0.0, 0.0, 0.022903526005583704, 0.32759452659152793, 0.29290318133250609, 0.0, 0.0, 0.22152138696446422, 0.13507737910591805, 0.0, 0.0, 0.0, 0.0, 0.0, 0.40925266903914592, 0.0, 0.0, 0.47686832740213525, 0.11387900355871886]
['203CB5C6F8291F876CC6C4548D73DE8C384C51CD0E1060175F7643851ADC6A8F.apk.txt', 0.41992787498330442, 0.0, 0.0, 0.0046747696006411111, 0.28930145585681849, 0.21397088286363028, 0.0, 0.0, 0.011620141578736476, 0.060504875116869243, 0.0, 0.0, 0.0, 0.0, 0.0, 0.0, 0.0, 0.0, 0.0, 0.0, 0.0, 0.0, 0.0, 0.0, 0.0, 0.0, 0.0, 0.0, 0.0, 0.0, 0.0, 0.0, 0.0, 0.0, 1.0, 0.0, 0.0, 0.0, 0.0, 0.0, 0.0, 0.0, 0.0, 0.0, 0.9822616407982262, 0.0, 0.0, 0.0, 0.0, 0.017738359201773836, 0.0, 0.0, 0.0, 0.0, 0.72859450726979003, 0.23586429725363489, 0.0, 0.0, 0.0, 0.035541195476575124, 0.0, 0.0, 0.0, 0.0, 0.0, 0.0, 0.0, 0.0, 0.0, 0.0, 0.0, 0.0, 0.0, 0.0, 0.0, 0.0, 0.0, 0.0, 0.0, 0.0, 0.14150943396226415, 0.0, 0.0, 0.0, 0.35849056603773582, 0.37735849056603776, 0.0, 0.0, 0.11320754716981132, 0.009433962264150943, 0.29347826086956524, 0.0, 0.0, 0.0, 0.010869565217391304, 0.34782608695652173, 0.0, 0.0, 0.21739130434782608, 0.13043478260869565]
['F5F90942E1A2DE7E584A2F9570C88FF9FDDE073B3E9469A9FE8FC77CA8BD8B16.apk.txt', 0.0, 0.0, 0.0, 0.0, 0.0, 0.0, 0.0, 0.0, 0.0, 0.0, 0.0, 0.0, 0.0, 0.0, 0.0, 0.0, 0.0, 0.0, 0.0, 0.0, 0.0, 0.0, 0.0, 0.0, 0.0, 0.0, 0.0, 0.0, 0.0, 0.0, 0.0, 0.0, 0.0, 0.018518518518518517, 0.98148148148148151, 0.0, 0.0, 0.0, 0.0, 0.0, 0.0, 0.0, 0.0, 0.0, 1.0, 0.0, 0.0, 0.0, 0.0, 0.0, 0.0, 0.0, 0.0, 0.0, 0.79146459747817655, 0.18816682832201745, 0.0, 0.0, 0.0, 0.020368574199806012, 0.0, 0.0, 0.0, 0.0, 0.0, 0.0, 0.0, 0.0, 0.0, 0.0, 0.0, 0.0, 0.0, 0.0, 0.0, 0.0, 0.0, 0.0, 0.0, 0.0, 0.0, 0.0, 0.0, 0.02205128205128205, 0.33606837606837608, 0.30542735042735042, 0.0, 0.0, 0.27376068376068374, 0.062692307692307686, 0.0, 0.0, 0.0, 0.0, 0.0, 0.42606516290726815, 0.0, 0.0, 0.50626566416040097, 0.067669172932330823]
['A65E036A552D032477483CB6A0B26FA81D6B82D2F0CC61718996EF0E81AE8095.apk.txt', 0.0, 0.0, 0.0, 0.0, 0.0, 0.0, 0.0, 0.0, 0.0, 0.0, 0.0, 0.0, 0.0, 0.0, 0.0, 0.0, 0.0, 0.0, 0.0, 0.0, 0.0, 0.0, 0.0, 0.0, 0.0, 0.0, 0.0, 0.0, 0.0, 0.0, 0.0, 0.0, 0.0, 0.0, 1.0, 0.0, 0.0, 0.0, 0.0, 0.0, 0.0, 0.0, 0.0, 0.0, 1.0, 0.0, 0.0, 0.0, 0.0, 0.0, 0.0, 0.0, 0.0, 0.0, 0.78612716763005785, 0.18612716763005779, 0.0, 0.0, 0.013872832369942197, 0.013872832369942197, 0.0, 0.0, 0.0, 0.0, 0.0, 0.0, 0.0, 0.0, 0.0, 0.0, 0.0, 0.0, 0.0, 0.0, 0.0, 0.0, 0.0, 0.0, 0.0, 0.0, 0.0, 0.0, 0.0, 0.00086630089517759164, 0.32452594089902781, 0.34818076812012705, 0.0, 0.0, 0.14558667821734528, 0.18084031186832225, 0.0, 0.0, 0.0, 0.00060313630880579007, 0.19059107358262967, 0.30277442702050661, 0.0, 0.0, 0.19903498190591074, 0.30699638118214717]
['FE9CD4CD46DBC581C4BD6772BEB87C6B6498A03845E1CE546C4A1AF681EB31CE.apk.txt', 0.0, 0.0, 0.0, 0.0, 0.0, 0.0, 0.0, 0.0, 0.0, 0.0, 0.0, 0.0, 0.0, 0.0, 0.0, 0.0, 0.0, 0.0, 0.0, 0.0, 0.0, 0.0, 0.0, 0.0, 0.0, 0.0, 0.0, 0.0, 0.0, 0.0, 0.0, 0.0, 0.0, 0.015873015873015872, 0.98412698412698407, 0.0, 0.0, 0.0, 0.0, 0.0, 0.0, 0.0, 0.0, 0.0, 0.99763593380614657, 0.0, 0.0, 0.0, 0.0, 0.0023640661938534278, 0.0, 0.0, 0.0, 0.0, 0.64781144781144784, 0.32323232323232326, 0.0, 0.0, 0.0, 0.028956228956228958, 0.0, 0.0, 0.0, 0.0, 0.0, 0.0, 0.0, 0.0, 0.0, 0.0, 0.0, 0.0, 0.0, 0.0, 0.0, 0.0, 0.0, 0.0, 0.0, 0.0, 0.0, 0.0, 0.0, 0.020562271776509378, 0.26642322827666892, 0.39656822774488604, 0.0, 0.0, 0.232956358350764, 0.083489913851171701, 0.0, 0.0, 0.0, 0.015750133475707421, 0.28737319807794981, 0.3432995194874533, 0.0, 0.0, 0.1701815269620929, 0.18339562199679657]
['6BBCE9C97E94D041A4ADDE2466AAEE803A22A6E77085EC4C7E799801F28C4A4B.apk.txt', 0.0, 0.0, 0.0, 0.0, 0.0, 0.0, 0.0, 0.0, 0.0, 0.0, 0.0, 0.0, 0.0, 0.0, 0.0, 0.0, 0.0, 0.0, 0.0, 0.0, 0.0, 0.0, 0.0, 0.0, 0.0, 0.0, 0.0, 0.0, 0.0, 0.0, 0.0, 0.0, 0.0, 0.015873015873015872, 0.98412698412698407, 0.0, 0.0, 0.0, 0.0, 0.0, 0.0, 0.0, 0.0, 0.0, 0.99082568807339455, 0.0, 0.0, 0.0, 0.0, 0.0091743119266055051, 0.0, 0.0, 0.0, 0.0, 0.70930232558139539, 0.24563953488372092, 0.0, 0.0, 0.0, 0.045058139534883718, 0.0, 0.0, 0.0, 0.0, 0.0, 0.0, 0.0, 0.0, 0.0, 0.0, 0.0, 0.0, 0.0, 0.0, 0.0, 0.0, 0.0, 0.0, 0.0, 0.0, 0.0, 0.0, 0.0, 0.019417268338531208, 0.28728585465886275, 0.27365745289870552, 0.0, 0.0, 0.32733797581919938, 0.09230144828470116, 0.0, 0.0, 0.0, 0.0, 0.0090090090090090089, 0.40540540540540543, 0.0, 0.0, 0.50090090090090089, 0.08468468468468468]
['116F07DD9184203DADBB538D8770456B150454230FBFB1D487EFDD036BA1DDB5.apk.txt', 0.0, 0.0, 0.0, 0.0, 0.0, 0.0, 0.0, 0.0, 0.0, 0.0, 0.0, 0.0, 0.0, 0.0, 0.0, 0.0, 0.0, 0.0, 0.0, 0.0, 0.0, 0.0, 0.0, 0.0, 0.0, 0.0, 0.0, 0.0, 0.0, 0.0, 0.0, 0.0, 0.0, 0.0, 1.0, 0.0, 0.0, 0.0, 0.0, 0.0, 0.0, 0.0, 0.0, 0.0, 1.0, 0.0, 0.0, 0.0, 0.0, 0.0, 0.0, 0.0, 0.0, 0.0, 0.78612716763005785, 0.18612716763005779, 0.0, 0.0, 0.013872832369942197, 0.013872832369942197, 0.0, 0.0, 0.0, 0.0, 0.0, 0.0, 0.0, 0.0, 0.0, 0.0, 0.0, 0.0, 0.0, 0.0, 0.0, 0.0, 0.0, 0.0, 0.0, 0.0, 0.0, 0.0, 0.0, 0.00086630089517759164, 0.32452594089902781, 0.34818076812012705, 0.0, 0.0, 0.14558667821734528, 0.18084031186832225, 0.0, 0.0, 0.0, 0.00060313630880579007, 0.19059107358262967, 0.30277442702050661, 0.0, 0.0, 0.19903498190591074, 0.30699638118214717]
['BDFC257B3D9521EB872343C155EE577E66F8D8645A86C71CE487DB400F55C00A.apk.txt', 0.0, 0.0, 0.0, 0.0, 0.0, 0.0, 0.0, 0.0, 0.0, 0.0, 0.0, 0.0, 0.0, 0.0, 0.0, 0.0, 0.0, 0.0, 0.0, 0.0, 0.0, 0.0, 0.0, 0.0, 0.0, 0.0, 0.0, 0.0, 0.0, 0.0, 0.0, 0.0, 0.0, 0.0, 1.0, 0.0, 0.0, 0.0, 0.0, 0.0, 0.0, 0.0, 0.0, 0.0, 0.97667638483965014, 0.0, 0.0, 0.0, 0.0, 0.023323615160349854, 0.0, 0.0, 0.0, 0.0, 0.40772104607721044, 0.49066002490660027, 0.0, 0.0, 0.016687422166874223, 0.084931506849315067, 0.0, 0.0, 0.0, 0.0, 0.0, 0.0, 0.0, 0.0, 0.0, 0.0, 0.0, 0.0, 0.0, 0.0, 0.0, 0.0, 0.0, 0.0, 0.0, 0.0, 0.0, 0.0, 0.0, 0.00021542438604049978, 0.3825937096079276, 0.18311072813442481, 0.0, 0.0, 0.35157259801809565, 0.082507539853511419, 0.0, 0.0, 0.0, 0.0, 0.0016339869281045752, 0.56862745098039214, 0.0, 0.0, 0.4264705882352941, 0.0032679738562091504]
['03BC5171F35524687190B1837CD0F827498D5C81403C219809F4593326AE2BEF.apk.txt', 0.0, 0.0, 0.0, 0.0, 0.0, 0.0, 0.0, 0.0, 0.0, 0.0, 0.0, 0.0, 0.0, 0.0, 0.0, 0.0, 0.0, 0.0, 0.0, 0.0, 0.0, 0.0, 0.0, 0.0, 0.0, 0.0, 0.0, 0.0, 0.0, 0.0, 0.0, 0.0, 0.0, 0.0, 1.0, 0.0, 0.0, 0.0, 0.0, 0.0, 0.0, 0.0, 0.0, 0.0, 1.0, 0.0, 0.0, 0.0, 0.0, 0.0, 0.0, 0.0, 0.0, 0.0, 0.80072463768115942, 0.18236714975845411, 0.0, 0.0, 0.0, 0.016908212560386472, 0.0, 0.0, 0.0, 0.0, 0.0, 0.0, 0.0, 0.0, 0.0, 0.0, 0.0, 0.0, 0.0, 0.0, 0.0, 0.0, 0.0, 0.0, 0.0, 0.0, 0.0, 0.0, 0.0, 0.006617876051074432, 0.354251012145749, 0.40493615696044843, 0.0, 0.0, 0.14660541887262535, 0.087589535970102772, 0.0, 0.0, 0.0, 0.0, 0.0, 0.43506493506493504, 0.0, 0.0, 0.49675324675324678, 0.068181818181818177]
['FCCE11BA44320784BA7DBBA90C858C0E017739F1E7647ECA3A787FBD977A3212.apk.txt', 0.0, 0.0, 0.0, 0.0, 0.0, 0.0, 0.0, 0.0, 0.0, 0.0, 0.0, 0.0, 0.0, 0.0, 0.0, 0.0, 0.0, 0.0, 0.0, 0.0, 0.0, 0.0, 0.0, 0.0, 0.0, 0.0, 0.0, 0.0, 0.0, 0.0, 0.0, 0.0, 0.0, 0.014705882352941176, 0.98529411764705888, 0.0, 0.0, 0.0, 0.0, 0.0, 0.0, 0.0, 0.0, 0.0, 0.99879951980792314, 0.0, 0.0, 0.0, 0.0, 0.0012004801920768306, 0.0, 0.0, 0.0, 0.0, 0.78775913129318853, 0.17867719644619942, 0.0, 0.0, 0.0, 0.033563672260612042, 0.0, 0.0, 0.0, 0.0, 0.0, 0.0, 0.0, 0.0, 0.0, 0.0, 0.0, 0.0, 0.0, 0.0, 0.0, 0.0, 0.0, 0.0, 0.0, 0.0, 0.0, 0.0, 0.0, 0.027782483482974758, 0.30413913829126432, 0.28759387881867976, 0.0, 0.0, 0.24761420746513071, 0.13287029194195041, 0.0, 0.0, 0.0, 0.00072254335260115603, 0.27962427745664742, 0.072254335260115612, 0.0, 0.0, 0.087427745664739889, 0.55997109826589597]
['F5E60649B9C41908566146FBBF11B48822ABA155A19C90FEB625D84E46F4A4B7.apk.txt', 0.0, 0.0, 0.0, 0.0, 0.0, 0.0, 0.0, 0.0, 0.0, 0.0, 0.0, 0.0, 0.0, 0.0, 0.0, 0.0, 0.0, 0.0, 0.0, 0.0, 0.0, 0.0, 0.0, 0.0, 0.0, 0.0, 0.0, 0.0, 0.0, 0.0, 0.0, 0.0, 0.0, 0.0, 0.0, 0.0, 0.0, 0.0, 0.0, 0.0, 0.0, 0.0, 0.0, 0.0, 1.0, 0.0, 0.0, 0.0, 0.0, 0.0, 0.0, 0.0, 0.0, 0.0, 0.38461538461538464, 0.61538461538461542, 0.0, 0.0, 0.0, 0.0, 0.0, 0.0, 0.0, 0.0, 0.0, 0.0, 0.0, 0.0, 0.0, 0.0, 0.0, 0.0, 0.0, 0.0, 0.0, 0.0, 0.0, 0.0, 0.0, 0.0, 0.0, 0.0, 0.0, 0.0, 0.14130434782608695, 0.61956521739130432, 0.0, 0.0, 0.10869565217391304, 0.13043478260869565, 0.0, 0.0, 0.0, 0.0, 0.0, 0.29411764705882354, 0.0, 0.0, 0.58823529411764708, 0.11764705882352941]
['D8BF45A203613C944773729A68206880AD63018FAF3D4B1273AD655A2770248D.apk.txt', 0.51544106405748358, 0.0, 0.0, 0.0034398410029047545, 0.2410181929368598, 0.15318758599602508, 0.0, 0.0, 0.030041278092034857, 0.056872037914691941, 0.0, 0.0, 0.0, 0.0, 0.0, 0.0, 0.0, 0.0, 0.0, 0.0, 0.0, 0.0, 0.0, 0.0, 0.0, 0.0, 0.0, 0.0, 0.0, 0.0, 0.0, 0.0, 0.0, 0.023809523809523808, 0.97619047619047616, 0.0, 0.0, 0.0, 0.0, 0.0, 0.0, 0.0, 0.0, 0.0, 0.99196787148594379, 0.0, 0.0, 0.0, 0.0, 0.0080321285140562242, 0.0, 0.0, 0.0, 0.0, 0.52522017614091276, 0.42994395516413131, 0.0, 0.0, 0.0, 0.044835868694955962, 0.0, 0.0, 0.0, 0.0, 0.0, 0.0, 0.0, 0.0, 0.0, 0.0, 0.0, 0.0, 0.0, 0.0, 0.0, 0.0, 0.0, 0.0, 0.0, 0.0, 0.25139715161348475, 0.0, 0.0, 0.0045970795024337478, 0.21840634577248963, 0.22552731206057328, 0.0, 0.0, 0.18063818280151434, 0.11943392824950423, 0.094017094017094016, 0.0, 0.0, 0.0, 0.02564102564102564, 0.41025641025641024, 0.0, 0.0, 0.44444444444444442, 0.02564102564102564]
['4E78653701A9CF4B39F57C703D6347B3DAC036DE7600802EA6E4EE648424DA8E.apk.txt', 0.63267670915411356, 0.0, 0.0, 0.0, 0.24217844727694091, 0.0, 0.0, 0.0, 0.0, 0.12514484356894554, 0.0, 0.0, 0.0, 0.0, 0.0, 0.0, 0.0, 0.0, 0.0, 0.0, 0.0, 0.0, 0.0, 0.0, 0.0, 0.0, 0.0, 0.0, 0.0, 0.0, 0.0, 0.0, 0.0, 0.058139534883720929, 0.94186046511627908, 0.0, 0.0, 0.0, 0.0, 0.0, 0.0, 0.0, 0.0, 0.0, 0.98841463414634145, 0.0, 0.0, 0.0, 0.0, 0.011585365853658536, 0.0, 0.0, 0.0, 0.0, 0.45978428351309708, 0.47164869029275808, 0.0, 0.0, 0.00030816640986132513, 0.068258859784283518, 0.0, 0.0, 0.0, 0.0, 0.0, 0.0, 0.0, 0.0, 0.0, 0.0, 0.0, 0.0, 0.0, 0.0, 0.0, 0.0, 0.0, 0.0, 0.0, 0.0, 0.03015571773242413, 0.0, 0.0, 0.0049930253303239478, 0.19536259302054085, 0.22768554716732622, 0.0, 0.0, 0.4113199188184371, 0.13048319793094779, 0.0, 0.0, 0.0, 0.00040681413679125348, 0.12189168573607932, 0.32173913043478258, 0.0, 0.0, 0.32646834477498093, 0.22949402491736587]
['77707CC106B049EF86DDFED19DC5DC83567543023403A52608FA5B1F387F0489.apk.txt', 0.15811965811965811, 0.0, 0.0, 0.0, 0.61965811965811968, 0.19658119658119658, 0.0, 0.0, 0.0, 0.02564102564102564, 0.0, 0.0, 0.0, 0.0, 0.0, 0.0, 0.0, 0.0, 0.0, 0.0, 0.0, 0.0, 0.0, 0.0, 0.0, 0.0, 0.0, 0.0, 0.0, 0.0, 0.0, 0.0, 0.0, 0.0, 1.0, 0.0, 0.0, 0.0, 0.0, 0.0, 0.0, 0.0, 0.0, 0.0, 0.97964376590330793, 0.0, 0.0, 0.0, 0.0, 0.020356234096692113, 0.0, 0.0, 0.0, 0.0, 0.54087346024636063, 0.43001119820828665, 0.0, 0.0, 0.0, 0.029115341545352745, 0.0, 0.0, 0.0, 0.0, 0.0, 0.0, 0.0, 0.0, 0.0, 0.0, 0.0, 0.0, 0.0, 0.0, 0.0, 0.0, 0.0, 0.0, 0.0, 0.0, 0.0036806342015855038, 0.0, 0.0, 0.0039637599093997732, 0.32502831257078141, 0.46206115515288787, 0.0, 0.0, 0.19280860702151756, 0.01245753114382786, 0.024271844660194174, 0.0, 0.0, 0.0, 0.058252427184466021, 0.30582524271844658, 0.0, 0.0, 0.5145631067961165, 0.097087378640776698]
['425D08DFBAFC250AFA2D1C2478C4C049C09317225051CA6BC3B53E595425CD78.apk.txt', 0.0, 0.0, 0.0, 0.0, 0.0, 0.0, 0.0, 0.0, 0.0, 0.0, 0.0, 0.0, 0.0, 0.0, 0.0, 0.0, 0.0, 0.0, 0.0, 0.0, 0.0, 0.0, 0.0, 0.0, 0.0, 0.0, 0.0, 0.0, 0.0, 0.0, 0.0, 0.0, 0.0, 0.02, 0.97999999999999998, 0.0, 0.0, 0.0, 0.0, 0.0, 0.0, 0.0, 0.0, 0.0, 1.0, 0.0, 0.0, 0.0, 0.0, 0.0, 0.0, 0.0, 0.0, 0.0, 0.78386763185108588, 0.19441571871768357, 0.0, 0.0, 0.0, 0.021716649431230611, 0.0, 0.0, 0.0, 0.0, 0.0, 0.0, 0.0, 0.0, 0.0, 0.0, 0.0, 0.0, 0.0, 0.0, 0.0, 0.0, 0.0, 0.0, 0.0, 0.0, 0.0, 0.0, 0.0, 0.022441950894345072, 0.34162870792134209, 0.34346183757360293, 0.0, 0.0, 0.22008665703810687, 0.072380846572603047, 0.0, 0.0, 0.0, 0.0, 0.0, 0.43283582089552236, 0.0, 0.0, 0.4955223880597015, 0.071641791044776124]
['09DB704E629460A71588F05F76A07DEA67756F017B5DE3EA3A92AA6FCABF6456.apk.txt', 0.0, 0.0, 0.0, 0.0, 0.0, 0.0, 0.0, 0.0, 0.0, 0.0, 0.0, 0.0, 0.0, 0.0, 0.0, 0.0, 0.0, 0.0, 0.0, 0.0, 0.0, 0.0, 0.0, 0.0, 0.0, 0.0, 0.0, 0.0, 0.0, 0.0, 0.0, 0.0, 0.0, 0.0, 1.0, 0.0, 0.0, 0.0, 0.0, 0.0, 0.0, 0.0, 0.0, 0.0, 1.0, 0.0, 0.0, 0.0, 0.0, 0.0, 0.0, 0.0, 0.0, 0.0, 0.79729729729729726, 0.18550368550368551, 0.0, 0.0, 0.0, 0.017199017199017199, 0.0, 0.0, 0.0, 0.0, 0.0, 0.0, 0.0, 0.0, 0.0, 0.0, 0.0, 0.0, 0.0, 0.0, 0.0, 0.0, 0.0, 0.0, 0.0, 0.0, 0.0, 0.0, 0.0, 0.013602201757171589, 0.35259870858473591, 0.3618609082248333, 0.0, 0.0, 0.15444056314173812, 0.11749761829152111, 0.0, 0.0, 0.0, 0.0, 0.0, 0.44225352112676058, 0.0, 0.0, 0.48169014084507045, 0.07605633802816901]
['3D0E5961A366366E5D99E49D1DB7254A0CECE5AF34AE3939A44022C4ED9A65A2.apk.txt', 0.0, 0.0, 0.0, 0.0, 0.0, 0.0, 0.0, 0.0, 0.0, 0.0, 0.0, 0.0, 0.0, 0.0, 0.0, 0.0, 0.0, 0.0, 0.0, 0.0, 0.0, 0.0, 0.0, 0.0, 0.0, 0.0, 0.0, 0.0, 0.0, 0.0, 0.0, 0.0, 0.0, 0.22772277227722773, 0.18415841584158416, 0.38811881188118813, 0.0, 0.0, 0.077227722772277227, 0.12277227722772277, 0.0, 0.0, 0.0, 0.0, 0.99690721649484537, 0.0, 0.0, 0.0, 0.0, 0.003092783505154639, 0.0, 0.0, 0.0, 0.0, 0.74506578947368418, 0.21052631578947367, 0.0, 0.0, 0.0, 0.044407894736842105, 0.0, 0.0, 0.0, 0.0, 0.0, 0.0, 0.0, 0.0, 0.0, 0.0, 0.0, 0.0, 0.0, 0.0, 0.0, 0.0, 0.0, 0.0, 0.0, 0.0, 0.0, 0.0, 0.0, 0.041654595203605344, 0.30590696925800742, 0.31134717527764366, 0.0, 0.0, 0.17778850796716561, 0.16330275229357799, 0.0, 0.0, 0.0, 0.010288065843621399, 0.26474622770919065, 0.079903978052126207, 0.0, 0.0, 0.064814814814814811, 0.58024691358024694]
['491BFD7CACBD22136A2C37792B0B1236C6F599FDF790506D66C34A9E9EDC095F.apk.txt', 0.0, 0.0, 0.0, 0.0, 0.0, 0.0, 0.0, 0.0, 0.0, 0.0, 0.0, 0.0, 0.0, 0.0, 0.0, 0.0, 0.0, 0.0, 0.0, 0.0, 0.0, 0.0, 0.0, 0.0, 0.0, 0.0, 0.0, 0.0, 0.0, 0.0, 0.0, 0.0, 0.0, 0.018518518518518517, 0.98148148148148151, 0.0, 0.0, 0.0, 0.0, 0.0, 0.0, 0.0, 0.0, 0.0, 1.0, 0.0, 0.0, 0.0, 0.0, 0.0, 0.0, 0.0, 0.0, 0.0, 0.79146459747817655, 0.18816682832201745, 0.0, 0.0, 0.0, 0.020368574199806012, 0.0, 0.0, 0.0, 0.0, 0.0, 0.0, 0.0, 0.0, 0.0, 0.0, 0.0, 0.0, 0.0, 0.0, 0.0, 0.0, 0.0, 0.0, 0.0, 0.0, 0.0, 0.0, 0.0, 0.02205128205128205, 0.33606837606837608, 0.30542735042735042, 0.0, 0.0, 0.27376068376068374, 0.062692307692307686, 0.0, 0.0, 0.0, 0.0, 0.0, 0.42606516290726815, 0.0, 0.0, 0.50626566416040097, 0.067669172932330823]
['83265EB3CF0837A8DDAE8DC886BE8060AC6B941290164AF9408F5E35E7C4EEBC.apk.txt', 0.0, 0.0, 0.0, 0.0, 0.0, 0.0, 0.0, 0.0, 0.0, 0.0, 0.0, 0.0, 0.0, 0.0, 0.0, 0.0, 0.0, 0.0, 0.0, 0.0, 0.0, 0.0, 0.0, 0.0, 0.0, 0.0, 0.0, 0.0, 0.0, 0.0, 0.0, 0.0, 0.0, 0.0, 1.0, 0.0, 0.0, 0.0, 0.0, 0.0, 0.0, 0.0, 0.0, 0.0, 1.0, 0.0, 0.0, 0.0, 0.0, 0.0, 0.0, 0.0, 0.0, 0.0, 0.78513356562137049, 0.18699186991869918, 0.0, 0.0, 0.015098722415795587, 0.012775842044134728, 0.0, 0.0, 0.0, 0.0, 0.0, 0.0, 0.0, 0.0, 0.0, 0.0, 0.0, 0.0, 0.0, 0.0, 0.0, 0.0, 0.0, 0.0, 0.0, 0.0, 0.0, 0.0, 0.0, 0.00083040959953497066, 0.32184600053976625, 0.3473810957254666, 0.0, 0.0, 0.13400734912495588, 0.19593514501027631, 0.0, 0.0, 0.0, 0.00060006000600060011, 0.32028202820282026, 0.33493349334933492, 0.0, 0.0, 0.10931093109310931, 0.23487348734873487]
['DB5C80ED67D50859411B0283727F711E8583293570C23C48597795A4464DA797.apk.txt', 0.0, 0.0, 0.0, 0.0, 0.0, 0.0, 0.0, 0.0, 0.0, 0.0, 0.0, 0.0, 0.0, 0.0, 0.0, 0.0, 0.0, 0.0, 0.0, 0.0, 0.0, 0.0, 0.0, 0.0, 0.0, 0.0, 0.0, 0.0, 0.0, 0.0, 0.0, 0.0, 0.0, 0.0, 1.0, 0.0, 0.0, 0.0, 0.0, 0.0, 0.0, 0.0, 0.0, 0.0, 1.0, 0.0, 0.0, 0.0, 0.0, 0.0, 0.0, 0.0, 0.0, 0.0, 0.78587962962962965, 0.18634259259259259, 0.0, 0.0, 0.015046296296296295, 0.012731481481481481, 0.0, 0.0, 0.0, 0.0, 0.0, 0.0, 0.0, 0.0, 0.0, 0.0, 0.0, 0.0, 0.0, 0.0, 0.0, 0.0, 0.0, 0.0, 0.0, 0.0, 0.0, 0.0, 0.0, 0.0013229899573035059, 0.3244933549822599, 0.37699200192434901, 0.0, 0.0, 0.15021949606109808, 0.14697215707498948, 0.0, 0.0, 0.0, 0.0004624633883150917, 0.32279944504393404, 0.32649915215045477, 0.0, 0.0, 0.10667488823801449, 0.24356405117928165]
['E24D0E6A8CC4A800288548265A61C10870A9654EBD47ACB94B776B08C027BB28.apk.txt', 0.41992787498330442, 0.0, 0.0, 0.0046747696006411111, 0.28930145585681849, 0.21397088286363028, 0.0, 0.0, 0.011620141578736476, 0.060504875116869243, 0.0, 0.0, 0.0, 0.0, 0.0, 0.0, 0.0, 0.0, 0.0, 0.0, 0.0, 0.0, 0.0, 0.0, 0.0, 0.0, 0.0, 0.0, 0.0, 0.0, 0.0, 0.0, 0.0, 0.0, 1.0, 0.0, 0.0, 0.0, 0.0, 0.0, 0.0, 0.0, 0.0, 0.0, 0.9822616407982262, 0.0, 0.0, 0.0, 0.0, 0.017738359201773836, 0.0, 0.0, 0.0, 0.0, 0.72859450726979003, 0.23586429725363489, 0.0, 0.0, 0.0, 0.035541195476575124, 0.0, 0.0, 0.0, 0.0, 0.0, 0.0, 0.0, 0.0, 0.0, 0.0, 0.0, 0.0, 0.0, 0.0, 0.0, 0.0, 0.0, 0.0, 0.0, 0.0, 0.14150943396226415, 0.0, 0.0, 0.0, 0.35849056603773582, 0.37735849056603776, 0.0, 0.0, 0.11320754716981132, 0.009433962264150943, 0.29347826086956524, 0.0, 0.0, 0.0, 0.010869565217391304, 0.34782608695652173, 0.0, 0.0, 0.21739130434782608, 0.13043478260869565]
['99E7E9F3E510A8672B42B124063A03CCEBA31B9B56AC34F476A57F180D832154.apk.txt', 0.41909053666530111, 0.0, 0.0, 0.0047794619691383317, 0.28867950293595523, 0.21575856889253039, 0.0, 0.0, 0.011880376894715281, 0.05981155264235969, 0.0, 0.0, 0.0, 0.0, 0.0, 0.0, 0.0, 0.0, 0.0, 0.0, 0.0, 0.0, 0.0, 0.0, 0.0, 0.0, 0.0, 0.0, 0.0, 0.0, 0.0, 0.0, 0.0, 0.0, 1.0, 0.0, 0.0, 0.0, 0.0, 0.0, 0.0, 0.0, 0.0, 0.0, 0.98222222222222222, 0.0, 0.0, 0.0, 0.0, 0.017777777777777778, 0.0, 0.0, 0.0, 0.0, 0.72575250836120397, 0.24080267558528429, 0.0, 0.0, 0.0, 0.033444816053511704, 0.0, 0.0, 0.0, 0.0, 0.0, 0.0, 0.0, 0.0, 0.0, 0.0, 0.0, 0.0, 0.0, 0.0, 0.0, 0.0, 0.0, 0.0, 0.0, 0.0, 0.15492957746478872, 0.0, 0.0, 0.0, 0.47887323943661969, 0.28169014084507044, 0.0, 0.0, 0.084507042253521125, 0.0, 0.39344262295081966, 0.0, 0.0, 0.0, 0.016393442622950821, 0.37704918032786883, 0.0, 0.0, 0.13114754098360656, 0.081967213114754092]
['1FAF0A9A89CBE728078108F6E49FAC7116EB96BFC3C0893FA9182F7FB7772AAE.apk.txt', 0.41992787498330442, 0.0, 0.0, 0.0046747696006411111, 0.28930145585681849, 0.21397088286363028, 0.0, 0.0, 0.011620141578736476, 0.060504875116869243, 0.0, 0.0, 0.0, 0.0, 0.0, 0.0, 0.0, 0.0, 0.0, 0.0, 0.0, 0.0, 0.0, 0.0, 0.0, 0.0, 0.0, 0.0, 0.0, 0.0, 0.0, 0.0, 0.0, 0.0, 1.0, 0.0, 0.0, 0.0, 0.0, 0.0, 0.0, 0.0, 0.0, 0.0, 0.9822616407982262, 0.0, 0.0, 0.0, 0.0, 0.017738359201773836, 0.0, 0.0, 0.0, 0.0, 0.72859450726979003, 0.23586429725363489, 0.0, 0.0, 0.0, 0.035541195476575124, 0.0, 0.0, 0.0, 0.0, 0.0, 0.0, 0.0, 0.0, 0.0, 0.0, 0.0, 0.0, 0.0, 0.0, 0.0, 0.0, 0.0, 0.0, 0.0, 0.0, 0.14150943396226415, 0.0, 0.0, 0.0, 0.35849056603773582, 0.37735849056603776, 0.0, 0.0, 0.11320754716981132, 0.009433962264150943, 0.29347826086956524, 0.0, 0.0, 0.0, 0.010869565217391304, 0.34782608695652173, 0.0, 0.0, 0.21739130434782608, 0.13043478260869565]
['FF447CBEA6BC35235004E944C335A20E1FA4382C2086B12D4E6A88B84F709DA2.apk.txt', 0.0, 0.0, 0.0, 0.0, 0.0, 0.0, 0.0, 0.0, 0.0, 0.0, 0.0, 0.0, 0.0, 0.0, 0.0, 0.0, 0.0, 0.0, 0.0, 0.0, 0.0, 0.0, 0.0, 0.0, 0.0, 0.0, 0.0, 0.0, 0.0, 0.0, 0.0, 0.0, 0.0, 0.020618556701030927, 0.97938144329896903, 0.0, 0.0, 0.0, 0.0, 0.0, 0.0, 0.0, 0.0, 0.0, 0.99217221135029354, 0.0, 0.0, 0.0, 0.0, 0.0078277886497064575, 0.0, 0.0, 0.0, 0.0, 0.71625000000000005, 0.22750000000000001, 0.0, 0.0, 0.0, 0.056250000000000001, 0.0, 0.0, 0.0, 0.0, 0.0, 0.0, 0.0, 0.0, 0.0, 0.0, 0.0, 0.0, 0.0, 0.0, 0.0, 0.0, 0.0, 0.0, 0.0, 0.0, 8.5554700008555476e-05, 0.0, 0.0, 0.011973583967864024, 0.21239157978790582, 0.12935463237960212, 0.0, 0.0, 0.47071788541373843, 0.175476763750881, 0.0, 0.0, 0.0, 0.0, 0.17474026786831895, 0.16522718738265116, 0.0, 0.0, 0.21830016272374514, 0.44173238202528475]
['D077CC4ED362DBB40F782CEE836E5C0DFE823A14812DBBA0861B18928B52D774.apk.txt', 0.0, 0.0, 0.0, 0.0, 0.0, 0.0, 0.0, 0.0, 0.0, 0.0, 0.0, 0.0, 0.0, 0.0, 0.0, 0.0, 0.0, 0.0, 0.0, 0.0, 0.0, 0.0, 0.0, 0.0, 0.0, 0.0, 0.0, 0.0, 0.0, 0.0, 0.0, 0.0, 0.0, 0.0, 1.0, 0.0, 0.0, 0.0, 0.0, 0.0, 0.0, 0.0, 0.0, 0.0, 1.0, 0.0, 0.0, 0.0, 0.0, 0.0, 0.0, 0.0, 0.0, 0.0, 0.58435337945715804, 0.38318254390633316, 0.0, 0.0, 0.0069185737094199038, 0.025545502927088876, 0.0, 0.0, 0.0, 0.0, 0.0, 0.0, 0.0, 0.0, 0.0, 0.0, 0.0, 0.0, 0.0, 0.0, 0.0, 0.0, 0.0, 0.0, 0.0, 0.0, 0.0, 0.0, 0.0, 0.00065608825602021727, 0.2286589070055646, 0.54030082861516782, 0.0, 0.0, 0.10373484314630768, 0.1266493329769397, 0.0, 0.0, 0.0, 0.0, 0.15384615384615385, 0.20227920227920229, 0.0, 0.0, 0.28205128205128205, 0.36182336182336183]
['7ED76952E1370AF5545C18B119BB5AC59556C9FEAECACA2BF1949E6F42986618.apk.txt', 0.0, 0.0, 0.0, 0.0, 0.0, 0.0, 0.0, 0.0, 0.0, 0.0, 0.0, 0.0, 0.0, 0.0, 0.0, 0.0, 0.0, 0.0, 0.0, 0.0, 0.0, 0.0, 0.0, 0.0, 0.0, 0.0, 0.0, 0.0, 0.0, 0.0, 0.0, 0.0, 0.0, 0.018518518518518517, 0.98148148148148151, 0.0, 0.0, 0.0, 0.0, 0.0, 0.0, 0.0, 0.0, 0.0, 1.0, 0.0, 0.0, 0.0, 0.0, 0.0, 0.0, 0.0, 0.0, 0.0, 0.79186834462729916, 0.18780251694094868, 0.0, 0.0, 0.0, 0.020329138431752179, 0.0, 0.0, 0.0, 0.0, 0.0, 0.0, 0.0, 0.0, 0.0, 0.0, 0.0, 0.0, 0.0, 0.0, 0.0, 0.0, 0.0, 0.0, 0.0, 0.0, 0.0, 0.0, 0.0, 0.020568468453217314, 0.32454165326471535, 0.29554265206277192, 0.0, 0.0, 0.24160755700766873, 0.11773966921162668, 0.0, 0.0, 0.0, 0.0, 0.0, 0.42994241842610365, 0.0, 0.0, 0.48368522072936659, 0.086372360844529747]
['BDD80B5E2EEAB4528F146EB986B980A906D67A4F268BAD5BF35636C785775E31.apk.txt', 0.41992787498330442, 0.0, 0.0, 0.0046747696006411111, 0.28930145585681849, 0.21397088286363028, 0.0, 0.0, 0.011620141578736476, 0.060504875116869243, 0.0, 0.0, 0.0, 0.0, 0.0, 0.0, 0.0, 0.0, 0.0, 0.0, 0.0, 0.0, 0.0, 0.0, 0.0, 0.0, 0.0, 0.0, 0.0, 0.0, 0.0, 0.0, 0.0, 0.0, 1.0, 0.0, 0.0, 0.0, 0.0, 0.0, 0.0, 0.0, 0.0, 0.0, 0.9822616407982262, 0.0, 0.0, 0.0, 0.0, 0.017738359201773836, 0.0, 0.0, 0.0, 0.0, 0.72859450726979003, 0.23586429725363489, 0.0, 0.0, 0.0, 0.035541195476575124, 0.0, 0.0, 0.0, 0.0, 0.0, 0.0, 0.0, 0.0, 0.0, 0.0, 0.0, 0.0, 0.0, 0.0, 0.0, 0.0, 0.0, 0.0, 0.0, 0.0, 0.14150943396226415, 0.0, 0.0, 0.0, 0.35849056603773582, 0.37735849056603776, 0.0, 0.0, 0.11320754716981132, 0.009433962264150943, 0.29347826086956524, 0.0, 0.0, 0.0, 0.010869565217391304, 0.34782608695652173, 0.0, 0.0, 0.21739130434782608, 0.13043478260869565]
['20D1FF18EDA73E72E6AD20738C95C11843734169AEDD495A01CF10C04C88A34A.apk.txt', 0.41871267418712677, 0.0, 0.0, 0.0, 0.31851360318513605, 0.19110816191108163, 0.0, 0.0, 0.0026542800265428003, 0.069011280690112808, 0.0, 0.0, 0.0, 0.0, 0.0, 0.0, 0.0, 0.0, 0.0, 0.0, 0.0, 0.0, 0.0, 0.0, 0.0, 0.0, 0.0, 0.0, 0.0, 0.0, 0.0, 0.0, 0.0, 0.0, 0.0, 0.0, 0.0, 0.0, 0.0, 0.0, 0.0, 0.0, 0.0, 0.0, 0.99386503067484666, 0.0, 0.0, 0.0, 0.0, 0.0061349693251533744, 0.0, 0.0, 0.0, 0.0, 0.42996742671009774, 0.48208469055374592, 0.0, 0.0, 0.0, 0.087947882736156349, 0.0, 0.0, 0.0, 0.0, 0.0, 0.0, 0.0, 0.0, 0.0, 0.0, 0.0, 0.0, 0.0, 0.0, 0.0, 0.0, 0.0, 0.0, 0.0, 0.0, 0.0, 0.0, 0.0, 0.0, 0.28295987493486191, 0.087545596664929656, 0.0, 0.0, 0.55080771235018233, 0.078686816050026059, 0.29411764705882354, 0.0, 0.0, 0.0, 0.067226890756302518, 0.32773109243697479, 0.0, 0.0, 0.25210084033613445, 0.058823529411764705]
['0B82F47BAD7A9F185E639272AD478DA24E0561FC417A4D9CDBE77155C0E5F30F.apk.txt', 0.0, 0.0, 0.0, 0.0, 0.0, 0.0, 0.0, 0.0, 0.0, 0.0, 0.0, 0.0, 0.0, 0.0, 0.0, 0.0, 0.0, 0.0, 0.0, 0.0, 0.0, 0.0, 0.0, 0.0, 0.0, 0.0, 0.0, 0.0, 0.0, 0.0, 0.0, 0.0, 0.0, 0.0, 1.0, 0.0, 0.0, 0.0, 0.0, 0.0, 0.0, 0.0, 0.0, 0.0, 1.0, 0.0, 0.0, 0.0, 0.0, 0.0, 0.0, 0.0, 0.0, 0.0, 0.78612716763005785, 0.18612716763005779, 0.0, 0.0, 0.015028901734104046, 0.012716763005780347, 0.0, 0.0, 0.0, 0.0, 0.0, 0.0, 0.0, 0.0, 0.0, 0.0, 0.0, 0.0, 0.0, 0.0, 0.0, 0.0, 0.0, 0.0, 0.0, 0.0, 0.0, 0.0, 0.0, 0.00087713059763411803, 0.32335300950619916, 0.34945357134390631, 0.0, 0.0, 0.14896996420358913, 0.17734632434867126, 0.0, 0.0, 0.0, 0.0, 0.1571290009699321, 0.22308438409311349, 0.0, 0.0, 0.24830261881668284, 0.37148399612027155]
['C14447C515122F30237A2B3860C4C8CF8052F4A17B1A5F546AD808BE47DB2972.apk.txt', 0.0, 0.0, 0.0, 0.0, 0.0, 0.0, 0.0, 0.0, 0.0, 0.0, 0.0, 0.0, 0.0, 0.0, 0.0, 0.0, 0.0, 0.0, 0.0, 0.0, 0.0, 0.0, 0.0, 0.0, 0.0, 0.0, 0.0, 0.0, 0.0, 0.0, 0.0, 0.0, 0.0, 0.0, 1.0, 0.0, 0.0, 0.0, 0.0, 0.0, 0.0, 0.0, 0.0, 0.0, 1.0, 0.0, 0.0, 0.0, 0.0, 0.0, 0.0, 0.0, 0.0, 0.0, 0.58501594048884165, 0.38257173219978746, 0.0, 0.0, 0.0069075451647183849, 0.025504782146652496, 0.0, 0.0, 0.0, 0.0, 0.0, 0.0, 0.0, 0.0, 0.0, 0.0, 0.0, 0.0, 0.0, 0.0, 0.0, 0.0, 0.0, 0.0, 0.0, 0.0, 0.0, 0.0, 0.0, 0.00059065582485085942, 0.22929259120710363, 0.53409068535764215, 0.0, 0.0, 0.10088401488452679, 0.13514205272587662, 0.0, 0.0, 0.0, 0.0, 0.15370018975332067, 0.20208728652751423, 0.0, 0.0, 0.2827324478178368, 0.36148007590132825]
['37A63718EBCFD8D79DCF45D0CAB5D9E9274A3184DED938F54913E5F718B3ECBC.apk.txt', 0.41992787498330442, 0.0, 0.0, 0.0046747696006411111, 0.28930145585681849, 0.21397088286363028, 0.0, 0.0, 0.011620141578736476, 0.060504875116869243, 0.0, 0.0, 0.0, 0.0, 0.0, 0.0, 0.0, 0.0, 0.0, 0.0, 0.0, 0.0, 0.0, 0.0, 0.0, 0.0, 0.0, 0.0, 0.0, 0.0, 0.0, 0.0, 0.0, 0.0, 1.0, 0.0, 0.0, 0.0, 0.0, 0.0, 0.0, 0.0, 0.0, 0.0, 0.9822616407982262, 0.0, 0.0, 0.0, 0.0, 0.017738359201773836, 0.0, 0.0, 0.0, 0.0, 0.72859450726979003, 0.23586429725363489, 0.0, 0.0, 0.0, 0.035541195476575124, 0.0, 0.0, 0.0, 0.0, 0.0, 0.0, 0.0, 0.0, 0.0, 0.0, 0.0, 0.0, 0.0, 0.0, 0.0, 0.0, 0.0, 0.0, 0.0, 0.0, 0.14150943396226415, 0.0, 0.0, 0.0, 0.35849056603773582, 0.37735849056603776, 0.0, 0.0, 0.11320754716981132, 0.009433962264150943, 0.29347826086956524, 0.0, 0.0, 0.0, 0.010869565217391304, 0.34782608695652173, 0.0, 0.0, 0.21739130434782608, 0.13043478260869565]
['708049032BA643518DFB016539A43B60D49C7769F578D0978116B86E4BBA7FD7.apk.txt', 0.0, 0.0, 0.0, 0.0, 0.0, 0.0, 0.0, 0.0, 0.0, 0.0, 0.0, 0.0, 0.0, 0.0, 0.0, 0.0, 0.0, 0.0, 0.0, 0.0, 0.0, 0.0, 0.0, 0.0, 0.0, 0.0, 0.0, 0.0, 0.0, 0.0, 0.0, 0.0, 0.0, 0.010869565217391304, 0.98913043478260865, 0.0, 0.0, 0.0, 0.0, 0.0, 0.0, 0.0, 0.0, 0.0, 0.99749373433583954, 0.0, 0.0, 0.0, 0.0, 0.0025062656641604009, 0.0, 0.0, 0.0, 0.0, 0.72721962616822433, 0.22254672897196262, 0.0, 0.0, 0.0, 0.050233644859813083, 0.0, 0.0, 0.0, 0.0, 0.0, 0.0, 0.0, 0.0, 0.0, 0.0, 0.0, 0.0, 0.0, 0.0, 0.0, 0.0, 0.0, 0.0, 0.0, 0.0, 0.00014043150772373293, 0.0, 0.0, 0.014502744797650964, 0.26264521894548704, 0.21598365887910123, 0.0, 0.0, 0.40814502744797648, 0.098582918422060517, 0.0, 0.0, 0.0, 0.0003414134516899966, 0.086719016729259135, 0.32400136565380677, 0.0, 0.0, 0.40969614202799592, 0.17924206213724822]
['6EF2277C89BF0C21242DA0117702A1C9F568C4211DC7DF1048A05098999052A3.apk.txt', 0.0, 0.0, 0.0, 0.0, 0.0, 0.0, 0.0, 0.0, 0.0, 0.0, 0.0, 0.0, 0.0, 0.0, 0.0, 0.0, 0.0, 0.0, 0.0, 0.0, 0.0, 0.0, 0.0, 0.0, 0.0, 0.0, 0.0, 0.0, 0.0, 0.0, 0.0, 0.0, 0.0, 0.0, 1.0, 0.0, 0.0, 0.0, 0.0, 0.0, 0.0, 0.0, 0.0, 0.0, 1.0, 0.0, 0.0, 0.0, 0.0, 0.0, 0.0, 0.0, 0.0, 0.0, 0.58435337945715804, 0.38318254390633316, 0.0, 0.0, 0.0069185737094199038, 0.025545502927088876, 0.0, 0.0, 0.0, 0.0, 0.0, 0.0, 0.0, 0.0, 0.0, 0.0, 0.0, 0.0, 0.0, 0.0, 0.0, 0.0, 0.0, 0.0, 0.0, 0.0, 0.0, 0.0, 0.0, 0.00065608825602021727, 0.2286589070055646, 0.54030082861516782, 0.0, 0.0, 0.10373484314630768, 0.1266493329769397, 0.0, 0.0, 0.0, 0.0, 0.15384615384615385, 0.20227920227920229, 0.0, 0.0, 0.28205128205128205, 0.36182336182336183]
['72EB23C027316FC852F8A5BF349235ACE0721C73C1A2CE0A49E0DCC4E86560BE.apk.txt', 0.55555555555555558, 0.0, 0.0, 0.0, 0.3946360153256705, 0.0, 0.0, 0.0, 0.0, 0.049808429118773943, 0.0, 0.0, 0.0, 0.0, 0.0, 0.0, 0.0, 0.0, 0.0, 0.0, 0.0, 0.0, 0.0, 0.0, 0.0, 0.0, 0.0, 0.0, 0.0, 0.0, 0.0, 0.0, 0.0, 0.014285714285714285, 0.98571428571428577, 0.0, 0.0, 0.0, 0.0, 0.0, 0.0, 0.0, 0.0, 0.0, 0.99236641221374045, 0.0, 0.0, 0.0, 0.0, 0.0076335877862595417, 0.0, 0.0, 0.0, 0.0, 0.57222777222777221, 0.35984015984015982, 0.0, 0.0, 0.000999000999000999, 0.066933066933066929, 0.0, 0.0, 0.0, 0.0, 0.0, 0.0, 0.0, 0.0, 0.0, 0.0, 0.0, 0.0, 0.0, 0.0, 0.0, 0.0, 0.0, 0.0, 0.0, 0.0, 0.0058589382351625745, 0.0, 0.0, 0.0093847369441090091, 0.25127838156148902, 0.2716728535861771, 0.0, 0.0, 0.38270942349836756, 0.079095666174694754, 0.0, 0.0, 0.0, 0.0, 0.024808464064210143, 0.40605618387449838, 0.0, 0.0, 0.51368113827070416, 0.055454213790587376]
['95D681665C624D7F86A5B51D7483D17EB258D503512EA35C2CD95B0AE726094B.apk.txt', 0.15811965811965811, 0.0, 0.0, 0.0, 0.61965811965811968, 0.19658119658119658, 0.0, 0.0, 0.0, 0.02564102564102564, 0.0, 0.0, 0.0, 0.0, 0.0, 0.0, 0.0, 0.0, 0.0, 0.0, 0.0, 0.0, 0.0, 0.0, 0.0, 0.0, 0.0, 0.0, 0.0, 0.0, 0.0, 0.0, 0.0, 0.0, 1.0, 0.0, 0.0, 0.0, 0.0, 0.0, 0.0, 0.0, 0.0, 0.0, 0.97964376590330793, 0.0, 0.0, 0.0, 0.0, 0.020356234096692113, 0.0, 0.0, 0.0, 0.0, 0.54087346024636063, 0.43001119820828665, 0.0, 0.0, 0.0, 0.029115341545352745, 0.0, 0.0, 0.0, 0.0, 0.0, 0.0, 0.0, 0.0, 0.0, 0.0, 0.0, 0.0, 0.0, 0.0, 0.0, 0.0, 0.0, 0.0, 0.0, 0.0, 0.0036806342015855038, 0.0, 0.0, 0.0039637599093997732, 0.32502831257078141, 0.46206115515288787, 0.0, 0.0, 0.19280860702151756, 0.01245753114382786, 0.024271844660194174, 0.0, 0.0, 0.0, 0.058252427184466021, 0.30582524271844658, 0.0, 0.0, 0.5145631067961165, 0.097087378640776698]
['1C321E12BB3D7A5B63FBD9626748DD1A8B57D3068AE938F770F452E102916A6E.apk.txt', 0.0, 0.0, 0.0, 0.0, 0.0, 0.0, 0.0, 0.0, 0.0, 0.0, 0.0, 0.0, 0.0, 0.0, 0.0, 0.0, 0.0, 0.0, 0.0, 0.0, 0.0, 0.0, 0.0, 0.0, 0.0, 0.0, 0.0, 0.0, 0.0, 0.0, 0.0, 0.0, 0.0, 0.0, 1.0, 0.0, 0.0, 0.0, 0.0, 0.0, 0.0, 0.0, 0.0, 0.0, 1.0, 0.0, 0.0, 0.0, 0.0, 0.0, 0.0, 0.0, 0.0, 0.0, 0.78637413394919164, 0.18591224018475749, 0.0, 0.0, 0.015011547344110854, 0.012702078521939953, 0.0, 0.0, 0.0, 0.0, 0.0, 0.0, 0.0, 0.0, 0.0, 0.0, 0.0, 0.0, 0.0, 0.0, 0.0, 0.0, 0.0, 0.0, 0.0, 0.0, 0.0, 0.0, 0.0, 0.0011238480557428637, 0.32721959991009214, 0.36947628680602385, 0.0, 0.0, 0.14403236682400539, 0.15814789840413576, 0.0, 0.0, 0.0, 0.0, 0.16963350785340314, 0.20732984293193718, 0.0, 0.0, 0.2356020942408377, 0.38743455497382201]
['BCE04CAA62FF613313AA3BC7FDA6B2DE9BA1C3CF987511EF0D6C102ED6193E0A.apk.txt', 0.41992787498330442, 0.0, 0.0, 0.0046747696006411111, 0.28930145585681849, 0.21397088286363028, 0.0, 0.0, 0.011620141578736476, 0.060504875116869243, 0.0, 0.0, 0.0, 0.0, 0.0, 0.0, 0.0, 0.0, 0.0, 0.0, 0.0, 0.0, 0.0, 0.0, 0.0, 0.0, 0.0, 0.0, 0.0, 0.0, 0.0, 0.0, 0.0, 0.0, 1.0, 0.0, 0.0, 0.0, 0.0, 0.0, 0.0, 0.0, 0.0, 0.0, 0.9822616407982262, 0.0, 0.0, 0.0, 0.0, 0.017738359201773836, 0.0, 0.0, 0.0, 0.0, 0.72859450726979003, 0.23586429725363489, 0.0, 0.0, 0.0, 0.035541195476575124, 0.0, 0.0, 0.0, 0.0, 0.0, 0.0, 0.0, 0.0, 0.0, 0.0, 0.0, 0.0, 0.0, 0.0, 0.0, 0.0, 0.0, 0.0, 0.0, 0.0, 0.14150943396226415, 0.0, 0.0, 0.0, 0.35849056603773582, 0.37735849056603776, 0.0, 0.0, 0.11320754716981132, 0.009433962264150943, 0.29347826086956524, 0.0, 0.0, 0.0, 0.010869565217391304, 0.34782608695652173, 0.0, 0.0, 0.21739130434782608, 0.13043478260869565]
['BE98F702A50E81B2CDF5294C5986713B4A568C6169CAE09919AB47EE0B2F06F7.apk.txt', 0.0, 0.0, 0.0, 0.0, 0.0, 0.0, 0.0, 0.0, 0.0, 0.0, 0.0, 0.0, 0.0, 0.0, 0.0, 0.0, 0.0, 0.0, 0.0, 0.0, 0.0, 0.0, 0.0, 0.0, 0.0, 0.0, 0.0, 0.0, 0.0, 0.0, 0.0, 0.0, 0.0, 0.018518518518518517, 0.98148148148148151, 0.0, 0.0, 0.0, 0.0, 0.0, 0.0, 0.0, 0.0, 0.0, 1.0, 0.0, 0.0, 0.0, 0.0, 0.0, 0.0, 0.0, 0.0, 0.0, 0.79227053140096615, 0.18743961352657004, 0.0, 0.0, 0.0, 0.020289855072463767, 0.0, 0.0, 0.0, 0.0, 0.0, 0.0, 0.0, 0.0, 0.0, 0.0, 0.0, 0.0, 0.0, 0.0, 0.0, 0.0, 0.0, 0.0, 0.0, 0.0, 0.0, 0.0, 0.0, 0.021393933631263667, 0.33365028049824097, 0.30243098475484137, 0.0, 0.0, 0.2556812779309689, 0.086843523184685106, 0.0, 0.0, 0.0, 0.0, 0.0, 0.43146067415730338, 0.0, 0.0, 0.49662921348314609, 0.071910112359550568]
['BCAE49A0BA4F61656F63CB84356CA15C2C075209B17396963FBD51490AF051E8.apk.txt', 0.0, 0.0, 0.0, 0.0, 0.0, 0.0, 0.0, 0.0, 0.0, 0.0, 0.0, 0.0, 0.0, 0.0, 0.0, 0.0, 0.0, 0.0, 0.0, 0.0, 0.0, 0.0, 0.0, 0.0, 0.0, 0.0, 0.0, 0.0, 0.0, 0.0, 0.0, 0.0, 0.0, 0.015384615384615385, 0.98461538461538467, 0.0, 0.0, 0.0, 0.0, 0.0, 0.0, 0.0, 0.0, 0.0, 1.0, 0.0, 0.0, 0.0, 0.0, 0.0, 0.0, 0.0, 0.0, 0.0, 0.79923882017126546, 0.18078020932445291, 0.0, 0.0, 0.0, 0.019980970504281638, 0.0, 0.0, 0.0, 0.0, 0.0, 0.0, 0.0, 0.0, 0.0, 0.0, 0.0, 0.0, 0.0, 0.0, 0.0, 0.0, 0.0, 0.0, 0.0, 0.0, 0.0, 0.0, 0.0, 0.022912001327029943, 0.32904122086754584, 0.2919465870448702, 0.0, 0.0, 0.2210334245666418, 0.13506676619391225, 0.0, 0.0, 0.0, 0.022699635184434536, 0.31850425618159706, 0.30168220510741789, 0.0, 0.0, 0.17936765301986218, 0.1777462505066883]
['00B09BEAADF61B48B620AA4ECB6F17E43C376C85890AED641F6D03B66727EB38.apk.txt', 0.41992787498330442, 0.0, 0.0, 0.0046747696006411111, 0.28930145585681849, 0.21397088286363028, 0.0, 0.0, 0.011620141578736476, 0.060504875116869243, 0.0, 0.0, 0.0, 0.0, 0.0, 0.0, 0.0, 0.0, 0.0, 0.0, 0.0, 0.0, 0.0, 0.0, 0.0, 0.0, 0.0, 0.0, 0.0, 0.0, 0.0, 0.0, 0.0, 0.0, 1.0, 0.0, 0.0, 0.0, 0.0, 0.0, 0.0, 0.0, 0.0, 0.0, 0.9822616407982262, 0.0, 0.0, 0.0, 0.0, 0.017738359201773836, 0.0, 0.0, 0.0, 0.0, 0.72859450726979003, 0.23586429725363489, 0.0, 0.0, 0.0, 0.035541195476575124, 0.0, 0.0, 0.0, 0.0, 0.0, 0.0, 0.0, 0.0, 0.0, 0.0, 0.0, 0.0, 0.0, 0.0, 0.0, 0.0, 0.0, 0.0, 0.0, 0.0, 0.14150943396226415, 0.0, 0.0, 0.0, 0.35849056603773582, 0.37735849056603776, 0.0, 0.0, 0.11320754716981132, 0.009433962264150943, 0.29347826086956524, 0.0, 0.0, 0.0, 0.010869565217391304, 0.34782608695652173, 0.0, 0.0, 0.21739130434782608, 0.13043478260869565]
['66C326D0DE44202EB16ECA5696976764FACA7F760128719FB65B38EE1612E9A9.apk.txt', 0.0, 0.0, 0.0, 0.0, 0.0, 0.0, 0.0, 0.0, 0.0, 0.0, 0.0, 0.0, 0.0, 0.0, 0.0, 0.0, 0.0, 0.0, 0.0, 0.0, 0.0, 0.0, 0.0, 0.0, 0.0, 0.0, 0.0, 0.0, 0.0, 0.0, 0.0, 0.0, 0.0, 0.014492753623188406, 0.98550724637681164, 0.0, 0.0, 0.0, 0.0, 0.0, 0.0, 0.0, 0.0, 0.0, 0.99286987522281644, 0.0, 0.0, 0.0, 0.0, 0.0071301247771836003, 0.0, 0.0, 0.0, 0.0, 0.83517699115044253, 0.16482300884955753, 0.0, 0.0, 0.0, 0.0, 0.0, 0.0, 0.0, 0.0, 0.0, 0.0, 0.0, 0.0, 0.0, 0.0, 0.0, 0.0, 0.0, 0.0, 0.0, 0.0, 0.0, 0.0, 0.0, 0.0, 0.0, 0.0, 0.0, 0.020452145427900262, 0.32557487985172734, 0.22574944505506347, 0.0, 0.0, 0.35585439968966187, 0.072369129975647081, 0.0, 0.0, 0.0, 0.0, 0.0, 0.43478260869565216, 0.0, 0.0, 0.50343249427917625, 0.061784897025171627]
['C445D9C008D2BB56FF4318DC3FC6B868E64AA805B5CBFC8B0509F45BA945DE3A.apk.txt', 0.51540166628449136, 0.0, 0.0, 0.0034395780784223801, 0.24099977069479478, 0.15317587709240998, 0.0, 0.0, 0.030115416953298172, 0.056867690896583355, 0.0, 0.0, 0.0, 0.0, 0.0, 0.0, 0.0, 0.0, 0.0, 0.0, 0.0, 0.0, 0.0, 0.0, 0.0, 0.0, 0.0, 0.0, 0.0, 0.0, 0.0, 0.0, 0.0, 0.023809523809523808, 0.97619047619047616, 0.0, 0.0, 0.0, 0.0, 0.0, 0.0, 0.0, 0.0, 0.0, 0.99196787148594379, 0.0, 0.0, 0.0, 0.0, 0.0080321285140562242, 0.0, 0.0, 0.0, 0.0, 0.52522017614091276, 0.42994395516413131, 0.0, 0.0, 0.0, 0.044835868694955962, 0.0, 0.0, 0.0, 0.0, 0.0, 0.0, 0.0, 0.0, 0.0, 0.0, 0.0, 0.0, 0.0, 0.0, 0.0, 0.0, 0.0, 0.0, 0.0, 0.0, 0.25139715161348475, 0.0, 0.0, 0.0045970795024337478, 0.21840634577248963, 0.22552731206057328, 0.0, 0.0, 0.18063818280151434, 0.11943392824950423, 0.094017094017094016, 0.0, 0.0, 0.0, 0.02564102564102564, 0.41025641025641024, 0.0, 0.0, 0.44444444444444442, 0.02564102564102564]
['E0B72155A05C5848CF770D98D96495DC7976103F1A6CC314656796BE8F9F4998.apk.txt', 0.41992787498330442, 0.0, 0.0, 0.0046747696006411111, 0.28930145585681849, 0.21397088286363028, 0.0, 0.0, 0.011620141578736476, 0.060504875116869243, 0.0, 0.0, 0.0, 0.0, 0.0, 0.0, 0.0, 0.0, 0.0, 0.0, 0.0, 0.0, 0.0, 0.0, 0.0, 0.0, 0.0, 0.0, 0.0, 0.0, 0.0, 0.0, 0.0, 0.0, 1.0, 0.0, 0.0, 0.0, 0.0, 0.0, 0.0, 0.0, 0.0, 0.0, 0.9822616407982262, 0.0, 0.0, 0.0, 0.0, 0.017738359201773836, 0.0, 0.0, 0.0, 0.0, 0.72859450726979003, 0.23586429725363489, 0.0, 0.0, 0.0, 0.035541195476575124, 0.0, 0.0, 0.0, 0.0, 0.0, 0.0, 0.0, 0.0, 0.0, 0.0, 0.0, 0.0, 0.0, 0.0, 0.0, 0.0, 0.0, 0.0, 0.0, 0.0, 0.14150943396226415, 0.0, 0.0, 0.0, 0.35849056603773582, 0.37735849056603776, 0.0, 0.0, 0.11320754716981132, 0.009433962264150943, 0.29347826086956524, 0.0, 0.0, 0.0, 0.010869565217391304, 0.34782608695652173, 0.0, 0.0, 0.21739130434782608, 0.13043478260869565]
['01A6BA12E58D4B58A5A6811C5F829ABEBB433B0DF3CB4B9433AED27D4C3E1F79.apk.txt', 0.0, 0.0, 0.0, 0.0, 0.0, 0.0, 0.0, 0.0, 0.0, 0.0, 0.0, 0.0, 0.0, 0.0, 0.0, 0.0, 0.0, 0.0, 0.0, 0.0, 0.0, 0.0, 0.0, 0.0, 0.0, 0.0, 0.0, 0.0, 0.0, 0.0, 0.0, 0.0, 0.0, 0.015873015873015872, 0.98412698412698407, 0.0, 0.0, 0.0, 0.0, 0.0, 0.0, 0.0, 0.0, 0.0, 0.99785407725321884, 0.0, 0.0, 0.0, 0.0, 0.0021459227467811159, 0.0, 0.0, 0.0, 0.0, 0.5780160857908847, 0.39034852546916893, 0.0, 0.0, 0.0, 0.031635388739946382, 0.0, 0.0, 0.0, 0.0, 0.0, 0.0, 0.0, 0.0, 0.0, 0.0, 0.0, 0.0, 0.0, 0.0, 0.0, 0.0, 0.0, 0.0, 0.0, 0.0, 0.0, 0.0, 0.0, 0.019434479251998531, 0.26442755854354399, 0.41046863082963758, 0.0, 0.0, 0.25030366373831248, 0.055365667636507444, 0.0, 0.0, 0.0, 0.0021551724137931034, 0.0064655172413793103, 0.42672413793103448, 0.0, 0.0, 0.47629310344827586, 0.088362068965517238]
['D2E98A8D8F8C590C7B5CA50188217D613FBF1115AFFDDA1294092A8C96AFD08B.apk.txt', 0.0, 0.0, 0.0, 0.0, 0.0, 0.0, 0.0, 0.0, 0.0, 0.0, 0.0, 0.0, 0.0, 0.0, 0.0, 0.0, 0.0, 0.0, 0.0, 0.0, 0.0, 0.0, 0.0, 0.0, 0.0, 0.0, 0.0, 0.0, 0.0, 0.0, 0.0, 0.0, 0.0, 0.013513513513513514, 0.98648648648648651, 0.0, 0.0, 0.0, 0.0, 0.0, 0.0, 0.0, 0.0, 0.0, 0.98907646474677258, 0.0, 0.0, 0.0, 0.0, 0.010923535253227408, 0.0, 0.0, 0.0, 0.0, 0.67156862745098034, 0.29901960784313725, 0.0, 0.0, 0.0, 0.029411764705882353, 0.0, 0.0, 0.0, 0.0, 0.0, 0.0, 0.0, 0.0, 0.0, 0.0, 0.0, 0.0, 0.0, 0.0, 0.0, 0.0, 0.0, 0.0, 0.0, 0.0, 0.0, 0.0, 0.0, 0.023580922595777952, 0.26870992963252543, 0.39433932759968726, 0.0, 0.0, 0.23859265050820955, 0.074777169663799839, 0.0, 0.0, 0.0, 0.01760897712559344, 0.29106603366422096, 0.33836858006042297, 0.0, 0.0, 0.1817867932671558, 0.17116961588260682]
['3AB17333C76D5E0C33EED86ABC077FD74DB448C3D31D58E47174A48E0223FC5E.apk.txt', 0.0, 0.0, 0.0, 0.0, 0.0, 0.0, 0.0, 0.0, 0.0, 0.0, 0.0, 0.0, 0.0, 0.0, 0.0, 0.0, 0.0, 0.0, 0.0, 0.0, 0.0, 0.0, 0.0, 0.0, 0.0, 0.0, 0.0, 0.0, 0.0, 0.0, 0.0, 0.0, 0.0, 0.018181818181818181, 0.98181818181818181, 0.0, 0.0, 0.0, 0.0, 0.0, 0.0, 0.0, 0.0, 0.0, 0.998991935483871, 0.0, 0.0, 0.0, 0.0, 0.0010080645161290322, 0.0, 0.0, 0.0, 0.0, 0.77385159010600701, 0.20406360424028269, 0.0, 0.0, 0.0, 0.022084805653710248, 0.0, 0.0, 0.0, 0.0, 0.0, 0.0, 0.0, 0.0, 0.0, 0.0, 0.0, 0.0, 0.0, 0.0, 0.0, 0.0, 0.0, 0.0, 0.0, 0.0, 0.0, 0.0, 0.0, 0.012429297114241452, 0.28630615700544004, 0.22444788701949059, 0.0, 0.0, 0.31145296681918072, 0.16536369204164716, 0.0, 0.0, 0.0, 0.0, 0.22940456769983686, 0.051386623164763459, 0.0, 0.0, 0.089926590538336057, 0.62928221859706357]
['B2B9DC354BD084F3EC8B9BD1010EC73E616DA9D3F22825183FD39B6FBBC5E4C4.apk.txt', 0.0, 0.0, 0.0, 0.0, 0.0, 0.0, 0.0, 0.0, 0.0, 0.0, 0.0, 0.0, 0.0, 0.0, 0.0, 0.0, 0.0, 0.0, 0.0, 0.0, 0.0, 0.0, 0.0, 0.0, 0.0, 0.0, 0.0, 0.0, 0.0, 0.0, 0.0, 0.0, 0.0, 0.0, 1.0, 0.0, 0.0, 0.0, 0.0, 0.0, 0.0, 0.0, 0.0, 0.0, 0.99709302325581395, 0.0, 0.0, 0.0, 0.0, 0.0029069767441860465, 0.0, 0.0, 0.0, 0.0, 0.79447115384615385, 0.18870192307692307, 0.0, 0.0, 0.0, 0.016826923076923076, 0.0, 0.0, 0.0, 0.0, 0.0, 0.0, 0.0, 0.0, 0.0, 0.0, 0.0, 0.0, 0.0, 0.0, 0.0, 0.0, 0.0, 0.0, 0.0, 0.0, 0.0, 0.0, 0.0, 0.0050818172578514075, 0.37310702307145033, 0.36152047972354912, 0.0, 0.0, 0.15621506250635228, 0.10407561744079682, 0.0, 0.0, 0.0, 0.0, 0.0, 0.43956043956043955, 0.0, 0.0, 0.49175824175824173, 0.068681318681318687]
['74F17BB80B9EC36B59E5DDDA133065816282901FA6359BC1D5021A69E081BB1B.apk.txt', 0.41992787498330442, 0.0, 0.0, 0.0046747696006411111, 0.28930145585681849, 0.21397088286363028, 0.0, 0.0, 0.011620141578736476, 0.060504875116869243, 0.0, 0.0, 0.0, 0.0, 0.0, 0.0, 0.0, 0.0, 0.0, 0.0, 0.0, 0.0, 0.0, 0.0, 0.0, 0.0, 0.0, 0.0, 0.0, 0.0, 0.0, 0.0, 0.0, 0.0, 1.0, 0.0, 0.0, 0.0, 0.0, 0.0, 0.0, 0.0, 0.0, 0.0, 0.9822616407982262, 0.0, 0.0, 0.0, 0.0, 0.017738359201773836, 0.0, 0.0, 0.0, 0.0, 0.72859450726979003, 0.23586429725363489, 0.0, 0.0, 0.0, 0.035541195476575124, 0.0, 0.0, 0.0, 0.0, 0.0, 0.0, 0.0, 0.0, 0.0, 0.0, 0.0, 0.0, 0.0, 0.0, 0.0, 0.0, 0.0, 0.0, 0.0, 0.0, 0.14150943396226415, 0.0, 0.0, 0.0, 0.35849056603773582, 0.37735849056603776, 0.0, 0.0, 0.11320754716981132, 0.009433962264150943, 0.29347826086956524, 0.0, 0.0, 0.0, 0.010869565217391304, 0.34782608695652173, 0.0, 0.0, 0.21739130434782608, 0.13043478260869565]
['083A373244A75FE255D715EA085FAC04890DAA65BA169C4ECBBAC229BC3A872E.apk.txt', 0.0, 0.0, 0.0, 0.0, 0.0, 0.0, 0.0, 0.0, 0.0, 0.0, 0.0, 0.0, 0.0, 0.0, 0.0, 0.0, 0.0, 0.0, 0.0, 0.0, 0.0, 0.0, 0.0, 0.0, 0.0, 0.0, 0.0, 0.0, 0.0, 0.0, 0.0, 0.0, 0.0, 0.0, 0.0, 0.0, 0.0, 0.0, 0.0, 0.0, 0.0, 0.0, 0.0, 0.0, 0.99719887955182074, 0.0, 0.0, 0.0, 0.0, 0.0028011204481792717, 0.0, 0.0, 0.0, 0.0, 0.70307692307692304, 0.24307692307692308, 0.0, 0.0, 0.0, 0.053846153846153849, 0.0, 0.0, 0.0, 0.0, 0.0, 0.0, 0.0, 0.0, 0.0, 0.0, 0.0, 0.0, 0.0, 0.0, 0.0, 0.0, 0.0, 0.0, 0.0, 0.0, 0.0, 0.0, 0.0, 0.0, 0.16465403141075496, 0.12036241079591196, 0.0, 0.0, 0.28366558871286857, 0.43131796908046449, 0.0, 0.0, 0.0, 0.0, 0.0074424898511502033, 0.34009923319801533, 0.0, 0.0, 0.40076680198466397, 0.2516914749661705]
['639E40C9AE37507776770C2D6804806EDFA0673DD675914EA50EB51238D2B695.apk.txt', 0.41909053666530111, 0.0, 0.0, 0.0047794619691383317, 0.28867950293595523, 0.21575856889253039, 0.0, 0.0, 0.011880376894715281, 0.05981155264235969, 0.0, 0.0, 0.0, 0.0, 0.0, 0.0, 0.0, 0.0, 0.0, 0.0, 0.0, 0.0, 0.0, 0.0, 0.0, 0.0, 0.0, 0.0, 0.0, 0.0, 0.0, 0.0, 0.0, 0.0, 1.0, 0.0, 0.0, 0.0, 0.0, 0.0, 0.0, 0.0, 0.0, 0.0, 0.98222222222222222, 0.0, 0.0, 0.0, 0.0, 0.017777777777777778, 0.0, 0.0, 0.0, 0.0, 0.72575250836120397, 0.24080267558528429, 0.0, 0.0, 0.0, 0.033444816053511704, 0.0, 0.0, 0.0, 0.0, 0.0, 0.0, 0.0, 0.0, 0.0, 0.0, 0.0, 0.0, 0.0, 0.0, 0.0, 0.0, 0.0, 0.0, 0.0, 0.0, 0.15492957746478872, 0.0, 0.0, 0.0, 0.47887323943661969, 0.28169014084507044, 0.0, 0.0, 0.084507042253521125, 0.0, 0.39344262295081966, 0.0, 0.0, 0.0, 0.016393442622950821, 0.37704918032786883, 0.0, 0.0, 0.13114754098360656, 0.081967213114754092]
['38D7788D4586C130636510A81002745A1847E3CE790DF1D1C35872526A5FF245.apk.txt', 0.0, 0.0, 0.0, 0.0, 0.0, 0.0, 0.0, 0.0, 0.0, 0.0, 0.0, 0.0, 0.0, 0.0, 0.0, 0.0, 0.0, 0.0, 0.0, 0.0, 0.0, 0.0, 0.0, 0.0, 0.0, 0.0, 0.0, 0.0, 0.0, 0.0, 0.0, 0.0, 0.0, 0.015151515151515152, 0.98484848484848486, 0.0, 0.0, 0.0, 0.0, 0.0, 0.0, 0.0, 0.0, 0.0, 1.0, 0.0, 0.0, 0.0, 0.0, 0.0, 0.0, 0.0, 0.0, 0.0, 0.79831144465290804, 0.18198874296435272, 0.0, 0.0, 0.0, 0.019699812382739212, 0.0, 0.0, 0.0, 0.0, 0.0, 0.0, 0.0, 0.0, 0.0, 0.0, 0.0, 0.0, 0.0, 0.0, 0.0, 0.0, 0.0, 0.0, 0.0, 0.0, 0.0, 0.0, 0.0, 0.024862601413242608, 0.32722672947744919, 0.30471953240861904, 0.0, 0.0, 0.26773096048154932, 0.075460176219139835, 0.0, 0.0, 0.0, 0.0, 0.0, 0.44025157232704404, 0.0, 0.0, 0.49056603773584906, 0.069182389937106917]
['73A0B8A4B8B468D9D5F23C7C19A4906471D5EC1D1AE7F4C41C78440A2DC429FB.apk.txt', 0.0, 0.0, 0.0, 0.0, 0.0, 0.0, 0.0, 0.0, 0.0, 0.0, 0.0, 0.0, 0.0, 0.0, 0.0, 0.0, 0.0, 0.0, 0.0, 0.0, 0.0, 0.0, 0.0, 0.0, 0.0, 0.0, 0.0, 0.0, 0.0, 0.0, 0.0, 0.0, 0.0, 0.0, 1.0, 0.0, 0.0, 0.0, 0.0, 0.0, 0.0, 0.0, 0.0, 0.0, 1.0, 0.0, 0.0, 0.0, 0.0, 0.0, 0.0, 0.0, 0.0, 0.0, 0.79579207920792083, 0.18688118811881188, 0.0, 0.0, 0.0, 0.017326732673267328, 0.0, 0.0, 0.0, 0.0, 0.0, 0.0, 0.0, 0.0, 0.0, 0.0, 0.0, 0.0, 0.0, 0.0, 0.0, 0.0, 0.0, 0.0, 0.0, 0.0, 0.0, 0.0, 0.0, 0.015598190609889253, 0.35493682732802995, 0.37981594135080332, 0.0, 0.0, 0.15995944470441428, 0.089689596006863201, 0.0, 0.0, 0.0, 0.0, 0.0, 0.43689320388349512, 0.0, 0.0, 0.49190938511326859, 0.071197411003236247]
['00C8978F5B9DEBDEE1F381401422EED5A59511F9659BB258B10A1627A8CDFF51.apk.txt', 0.0, 0.0, 0.0, 0.0, 0.0, 0.0, 0.0, 0.0, 0.0, 0.0, 0.0, 0.0, 0.0, 0.0, 0.0, 0.0, 0.0, 0.0, 0.0, 0.0, 0.0, 0.0, 0.0, 0.0, 0.0, 0.0, 0.0, 0.0, 0.0, 0.0, 0.0, 0.0, 0.0, 0.0, 0.0, 0.0, 0.0, 0.0, 0.0, 0.0, 0.0, 0.0, 0.0, 0.0, 0.99609375, 0.0, 0.0, 0.0, 0.0, 0.00390625, 0.0, 0.0, 0.0, 0.0, 0.86440677966101698, 0.13559322033898305, 0.0, 0.0, 0.0, 0.0, 0.0, 0.0, 0.0, 0.0, 0.0, 0.0, 0.0, 0.0, 0.0, 0.0, 0.0, 0.0, 0.0, 0.0, 0.0, 0.0, 0.0, 0.0, 0.0, 0.0, 0.0, 0.0, 0.0, 0.0, 0.47321733196861138, 0.42101671784373934, 0.0, 0.0, 0.10167178437393382, 0.0040941658137154556, 0.0, 0.0, 0.0, 0.0, 0.0, 0.51282051282051277, 0.0, 0.0, 0.48717948717948717, 0.0]
['407386762CF9EABDE960D0D15155ACFC6E8FEEFEED068F37AA242D24A4713F63.apk.txt', 0.0, 0.0, 0.0, 0.0, 0.0, 0.0, 0.0, 0.0, 0.0, 0.0, 0.0, 0.0, 0.0, 0.0, 0.0, 0.0, 0.0, 0.0, 0.0, 0.0, 0.0, 0.0, 0.0, 0.0, 0.0, 0.0, 0.0, 0.0, 0.0, 0.0, 0.0, 0.0, 0.0, 0.0, 1.0, 0.0, 0.0, 0.0, 0.0, 0.0, 0.0, 0.0, 0.0, 0.0, 1.0, 0.0, 0.0, 0.0, 0.0, 0.0, 0.0, 0.0, 0.0, 0.0, 0.58435337945715804, 0.38318254390633316, 0.0, 0.0, 0.0069185737094199038, 0.025545502927088876, 0.0, 0.0, 0.0, 0.0, 0.0, 0.0, 0.0, 0.0, 0.0, 0.0, 0.0, 0.0, 0.0, 0.0, 0.0, 0.0, 0.0, 0.0, 0.0, 0.0, 0.0, 0.0, 0.0, 0.00065608825602021727, 0.2286589070055646, 0.54030082861516782, 0.0, 0.0, 0.10373484314630768, 0.1266493329769397, 0.0, 0.0, 0.0, 0.0, 0.15384615384615385, 0.20227920227920229, 0.0, 0.0, 0.28205128205128205, 0.36182336182336183]
['9F2E23AC1A05B0A64014331517A5C1886B8A1194A48FB3CA24FF707EA7C9F757.apk.txt', 0.0, 0.0, 0.0, 0.0, 0.0, 0.0, 0.0, 0.0, 0.0, 0.0, 0.0, 0.0, 0.0, 0.0, 0.0, 0.0, 0.0, 0.0, 0.0, 0.0, 0.0, 0.0, 0.0, 0.0, 0.0, 0.0, 0.0, 0.0, 0.0, 0.0, 0.0, 0.0, 0.0, 0.10810810810810811, 0.89189189189189189, 0.0, 0.0, 0.0, 0.0, 0.0, 0.0, 0.0, 0.0, 0.0, 0.99906454630495789, 0.0, 0.0, 0.0, 0.0, 0.00093545369504209543, 0.0, 0.0, 0.0, 0.0, 0.54416788677403616, 0.42752562225475843, 0.0, 0.0, 0.0, 0.028306490971205467, 0.0, 0.0, 0.0, 0.0, 0.0, 0.0, 0.0, 0.0, 0.0, 0.0, 0.0, 0.0, 0.0, 0.0, 0.0, 0.0, 0.0, 0.0, 0.0, 0.0, 0.0, 0.0, 0.0, 0.0056246429669991648, 0.18770781151587057, 0.25218614052818911, 0.0, 0.0, 0.37456606758360067, 0.17991533740534049, 0.0, 0.0, 0.0, 0.0, 0.233920611335173, 0.037147102526002972, 0.0, 0.0, 0.081086818085332205, 0.64784546805349186]
['2C9AAC89F2C8A11591296689514EE3E49797C04242378C62EC933A5A606107C9.apk.txt', 0.0, 0.0, 0.0, 0.0, 0.0, 0.0, 0.0, 0.0, 0.0, 0.0, 0.0, 0.0, 0.0, 0.0, 0.0, 0.0, 0.0, 0.0, 0.0, 0.0, 0.0, 0.0, 0.0, 0.0, 0.0, 0.0, 0.0, 0.0, 0.0, 0.0, 0.0, 0.0, 0.0, 0.023255813953488372, 0.97674418604651159, 0.0, 0.0, 0.0, 0.0, 0.0, 0.0, 0.0, 0.0, 0.0, 1.0, 0.0, 0.0, 0.0, 0.0, 0.0, 0.0, 0.0, 0.0, 0.0, 0.79352997145575643, 0.18553758325404376, 0.0, 0.0, 0.0, 0.02093244529019981, 0.0, 0.0, 0.0, 0.0, 0.0, 0.0, 0.0, 0.0, 0.0, 0.0, 0.0, 0.0, 0.0, 0.0, 0.0, 0.0, 0.0, 0.0, 0.0, 0.0, 0.0, 0.0, 0.0, 0.016892456932597423, 0.34381446172715618, 0.30936053966661092, 0.0, 0.0, 0.24652951998661984, 0.08340302168701566, 0.0, 0.0, 0.0, 0.0, 0.0, 0.38308457711442784, 0.0, 0.0, 0.51243781094527363, 0.1044776119402985]
['B0B48A612EE0639AEC613726650A58E297DB191389E67E728E6DA8880EF57664.apk.txt', 0.0, 0.0, 0.0, 0.0, 0.0, 0.0, 0.0, 0.0, 0.0, 0.0, 0.0, 0.0, 0.0, 0.0, 0.0, 0.0, 0.0, 0.0, 0.0, 0.0, 0.0, 0.0, 0.0, 0.0, 0.0, 0.0, 0.0, 0.0, 0.0, 0.0, 0.0, 0.0, 0.0, 0.014285714285714285, 0.98571428571428577, 0.0, 0.0, 0.0, 0.0, 0.0, 0.0, 0.0, 0.0, 0.0, 0.99798183652875883, 0.0, 0.0, 0.0, 0.0, 0.0020181634712411706, 0.0, 0.0, 0.0, 0.0, 0.57642626480086112, 0.39181916038751347, 0.0, 0.0, 0.0, 0.031754574811625406, 0.0, 0.0, 0.0, 0.0, 0.0, 0.0, 0.0, 0.0, 0.0, 0.0, 0.0, 0.0, 0.0, 0.0, 0.0, 0.0, 0.0, 0.0, 0.0, 0.0, 0.0, 0.0, 0.0, 0.017638878723559979, 0.23420917807216571, 0.35350947815267508, 0.0, 0.0, 0.21478933372368197, 0.17985313132791725, 0.0, 0.0, 0.0, 0.00020296326364927948, 0.22995737771463365, 0.049117109803125635, 0.0, 0.0, 0.095189770651512073, 0.62553277856707934]
['0FBACE5AF3580E8A7B0F8C3D29EA180AFB50AC47A3E28875A028F693C714DA1D.apk.txt', 0.0, 0.0, 0.0, 0.0, 0.0, 0.0, 0.0, 0.0, 0.0, 0.0, 0.0, 0.0, 0.0, 0.0, 0.0, 0.0, 0.0, 0.0, 0.0, 0.0, 0.0, 0.0, 0.0, 0.0, 0.0, 0.0, 0.0, 0.0, 0.0, 0.0, 0.0, 0.0, 0.0, 0.22772277227722773, 0.18415841584158416, 0.38811881188118813, 0.0, 0.0, 0.077227722772277227, 0.12277227722772277, 0.0, 0.0, 0.0, 0.0, 0.99687825182101975, 0.0, 0.0, 0.0, 0.0, 0.0031217481789802288, 0.0, 0.0, 0.0, 0.0, 0.74527526705012326, 0.21035332785538208, 0.0, 0.0, 0.0, 0.044371405094494658, 0.0, 0.0, 0.0, 0.0, 0.0, 0.0, 0.0, 0.0, 0.0, 0.0, 0.0, 0.0, 0.0, 0.0, 0.0, 0.0, 0.0, 0.0, 0.0, 0.0, 0.0, 0.0, 0.0, 0.041364797835562905, 0.31934465654591915, 0.31621824740718474, 0.0, 0.0, 0.1872238088080565, 0.13584848940327671, 0.0, 0.0, 0.0, 0.010552233556102708, 0.27154414351037637, 0.07069996482588814, 0.0, 0.0, 0.056630320084417866, 0.59057333802321488]
['CD86DF4544CABF1172A68C78EDC5BEC3A49E0099AD1D4F070CF2CF49BF9BC304.apk.txt', 0.41992787498330442, 0.0, 0.0, 0.0046747696006411111, 0.28930145585681849, 0.21397088286363028, 0.0, 0.0, 0.011620141578736476, 0.060504875116869243, 0.0, 0.0, 0.0, 0.0, 0.0, 0.0, 0.0, 0.0, 0.0, 0.0, 0.0, 0.0, 0.0, 0.0, 0.0, 0.0, 0.0, 0.0, 0.0, 0.0, 0.0, 0.0, 0.0, 0.0, 1.0, 0.0, 0.0, 0.0, 0.0, 0.0, 0.0, 0.0, 0.0, 0.0, 0.9822616407982262, 0.0, 0.0, 0.0, 0.0, 0.017738359201773836, 0.0, 0.0, 0.0, 0.0, 0.72859450726979003, 0.23586429725363489, 0.0, 0.0, 0.0, 0.035541195476575124, 0.0, 0.0, 0.0, 0.0, 0.0, 0.0, 0.0, 0.0, 0.0, 0.0, 0.0, 0.0, 0.0, 0.0, 0.0, 0.0, 0.0, 0.0, 0.0, 0.0, 0.14150943396226415, 0.0, 0.0, 0.0, 0.35849056603773582, 0.37735849056603776, 0.0, 0.0, 0.11320754716981132, 0.009433962264150943, 0.29347826086956524, 0.0, 0.0, 0.0, 0.010869565217391304, 0.34782608695652173, 0.0, 0.0, 0.21739130434782608, 0.13043478260869565]
['269D21A19250F14E0D656FE1D465D56503275423F61610222C8C71CC6660C0BF.apk.txt', 0.0, 0.0, 0.0, 0.0, 0.0, 0.0, 0.0, 0.0, 0.0, 0.0, 0.0, 0.0, 0.0, 0.0, 0.0, 0.0, 0.0, 0.0, 0.0, 0.0, 0.0, 0.0, 0.0, 0.0, 0.0, 0.0, 0.0, 0.0, 0.0, 0.0, 0.0, 0.0, 0.0, 0.0, 1.0, 0.0, 0.0, 0.0, 0.0, 0.0, 0.0, 0.0, 0.0, 0.0, 1.0, 0.0, 0.0, 0.0, 0.0, 0.0, 0.0, 0.0, 0.0, 0.0, 0.79679802955665024, 0.18596059113300492, 0.0, 0.0, 0.0, 0.017241379310344827, 0.0, 0.0, 0.0, 0.0, 0.0, 0.0, 0.0, 0.0, 0.0, 0.0, 0.0, 0.0, 0.0, 0.0, 0.0, 0.0, 0.0, 0.0, 0.0, 0.0, 0.0, 0.0, 0.0, 0.015500271254746957, 0.35340618460823064, 0.37874912810974193, 0.0, 0.0, 0.15895528171743006, 0.093389134309850422, 0.0, 0.0, 0.0, 0.0092607636068237197, 0.33095044679122665, 0.33744922826969942, 0.0, 0.0, 0.12542648253452476, 0.19691307879772543]
['DB0534E6EC702FA061414A2EE0771FEF783D457A8CE33CB5DE06A578592B0E1A.apk.txt', 0.29268292682926828, 0.0, 0.0, 0.0, 0.56097560975609762, 0.14634146341463414, 0.0, 0.0, 0.0, 0.0, 0.0, 0.0, 0.0, 0.0, 0.0, 0.0, 0.0, 0.0, 0.0, 0.0, 0.0, 0.0, 0.0, 0.0, 0.0, 0.0, 0.0, 0.0, 0.0, 0.0, 0.0, 0.0, 0.0, 0.0, 1.0, 0.0, 0.0, 0.0, 0.0, 0.0, 0.0, 0.0, 0.0, 0.0, 0.98326359832635979, 0.0, 0.0, 0.0, 0.0, 0.016736401673640166, 0.0, 0.0, 0.0, 0.0, 0.50021691973969629, 0.41822125813449024, 0.0, 0.0, 0.0, 0.081561822125813449, 0.0, 0.0, 0.0, 0.0, 0.0, 0.0, 0.0, 0.0, 0.0, 0.0, 0.0, 0.0, 0.0, 0.0, 0.0, 0.0, 0.0, 0.0, 0.0, 0.0, 0.0017195261750095529, 0.0, 0.0, 0.0026748184944593045, 0.27932747420710735, 0.38288116163546043, 0.0, 0.0, 0.31467329002674821, 0.018723729461215134, 0.018382352941176471, 0.0, 0.0, 0.0, 0.051470588235294115, 0.35661764705882354, 0.0, 0.0, 0.50367647058823528, 0.06985294117647059]
['179FB0D4D2E6C491FDFDDD8602811FBC314DF5B9BB1BABCB0B56FCD0EA19FD52.apk.txt', 0.0, 0.0, 0.0, 0.0, 0.0, 0.0, 0.0, 0.0, 0.0, 0.0, 0.0, 0.0, 0.0, 0.0, 0.0, 0.0, 0.0, 0.0, 0.0, 0.0, 0.0, 0.0, 0.0, 0.0, 0.0, 0.0, 0.0, 0.0, 0.0, 0.0, 0.0, 0.0, 0.0, 0.0, 0.0, 0.0, 0.0, 0.0, 0.0, 0.0, 0.0, 0.0, 0.0, 0.0, 0.99609375, 0.0, 0.0, 0.0, 0.0, 0.00390625, 0.0, 0.0, 0.0, 0.0, 0.86440677966101698, 0.13559322033898305, 0.0, 0.0, 0.0, 0.0, 0.0, 0.0, 0.0, 0.0, 0.0, 0.0, 0.0, 0.0, 0.0, 0.0, 0.0, 0.0, 0.0, 0.0, 0.0, 0.0, 0.0, 0.0, 0.0, 0.0, 0.0, 0.0, 0.0, 0.0, 0.47844495765973827, 0.41031562740569671, 0.0, 0.0, 0.10431100846805234, 0.0069284064665127024, 0.0, 0.0, 0.0, 0.0, 0.38709677419354838, 0.5053763440860215, 0.0, 0.0, 0.099462365591397844, 0.0080645161290322578]
['A19AA2DE65791FFBD4A419FDE25F9896A39FEC052447D2F6A536CA7D44D6D3B9.apk.txt', 0.41992787498330442, 0.0, 0.0, 0.0046747696006411111, 0.28930145585681849, 0.21397088286363028, 0.0, 0.0, 0.011620141578736476, 0.060504875116869243, 0.0, 0.0, 0.0, 0.0, 0.0, 0.0, 0.0, 0.0, 0.0, 0.0, 0.0, 0.0, 0.0, 0.0, 0.0, 0.0, 0.0, 0.0, 0.0, 0.0, 0.0, 0.0, 0.0, 0.0, 1.0, 0.0, 0.0, 0.0, 0.0, 0.0, 0.0, 0.0, 0.0, 0.0, 0.9822616407982262, 0.0, 0.0, 0.0, 0.0, 0.017738359201773836, 0.0, 0.0, 0.0, 0.0, 0.72859450726979003, 0.23586429725363489, 0.0, 0.0, 0.0, 0.035541195476575124, 0.0, 0.0, 0.0, 0.0, 0.0, 0.0, 0.0, 0.0, 0.0, 0.0, 0.0, 0.0, 0.0, 0.0, 0.0, 0.0, 0.0, 0.0, 0.0, 0.0, 0.14150943396226415, 0.0, 0.0, 0.0, 0.35849056603773582, 0.37735849056603776, 0.0, 0.0, 0.11320754716981132, 0.009433962264150943, 0.29347826086956524, 0.0, 0.0, 0.0, 0.010869565217391304, 0.34782608695652173, 0.0, 0.0, 0.21739130434782608, 0.13043478260869565]
['47DB7890DB7AD93D57EF12A555A4B0648B1B3B0F56D2AED8D903F1D45678D46B.apk.txt', 0.0, 0.0, 0.0, 0.0, 0.0, 0.0, 0.0, 0.0, 0.0, 0.0, 0.0, 0.0, 0.0, 0.0, 0.0, 0.0, 0.0, 0.0, 0.0, 0.0, 0.0, 0.0, 0.0, 0.0, 0.0, 0.0, 0.0, 0.0, 0.0, 0.0, 0.0, 0.0, 0.0, 0.0, 1.0, 0.0, 0.0, 0.0, 0.0, 0.0, 0.0, 0.0, 0.0, 0.0, 0.97783933518005539, 0.0, 0.0, 0.0, 0.0, 0.022160664819944598, 0.0, 0.0, 0.0, 0.0, 0.408447265625, 0.490966796875, 0.0, 0.0, 0.01708984375, 0.08349609375, 0.0, 0.0, 0.0, 0.0, 0.0, 0.0, 0.0, 0.0, 0.0, 0.0, 0.0, 0.0, 0.0, 0.0, 0.0, 0.0, 0.0, 0.0, 0.0, 0.0, 0.0, 0.0, 0.0, 0.000165371258475277, 0.41508185877294529, 0.16173309078882089, 0.0, 0.0, 0.3457913014718042, 0.077228377707954363, 0.0, 0.0, 0.0, 0.0, 0.0016051364365971107, 0.5634028892455859, 0.0, 0.0, 0.42536115569823435, 0.009630818619582664]
['5AC6BDA45CD5F80A0D339C1E145B71A638F6AA28712F395F8AD263E06106492E.apk.txt', 0.0, 0.0, 0.0, 0.0, 0.0, 0.0, 0.0, 0.0, 0.0, 0.0, 0.0, 0.0, 0.0, 0.0, 0.0, 0.0, 0.0, 0.0, 0.0, 0.0, 0.0, 0.0, 0.0, 0.0, 0.0, 0.0, 0.0, 0.0, 0.0, 0.0, 0.0, 0.0, 0.0, 0.0, 1.0, 0.0, 0.0, 0.0, 0.0, 0.0, 0.0, 0.0, 0.0, 0.0, 1.0, 0.0, 0.0, 0.0, 0.0, 0.0, 0.0, 0.0, 0.0, 0.0, 0.54748010610079578, 0.42281167108753315, 0.0, 0.0, 0.0, 0.029708222811671087, 0.0, 0.0, 0.0, 0.0, 0.0, 0.0, 0.0, 0.0, 0.0, 0.0, 0.0, 0.0, 0.0, 0.0, 0.0, 0.0, 0.0, 0.0, 0.0, 0.0, 0.0, 0.0, 0.0, 0.010991247710156728, 0.27717280683899859, 0.46153063301445146, 0.0, 0.0, 0.16817626704661104, 0.082129045389782204, 0.0, 0.0, 0.0, 0.0, 0.0, 0.39743589743589741, 0.0, 0.0, 0.51923076923076927, 0.083333333333333329]
['803C5B56F81A0CC7248464700FF6F33A64BA470B4F77B9CEA46C7F9A94C45C5D.apk.txt', 0.0, 0.0, 0.0, 0.0, 0.0, 0.0, 0.0, 0.0, 0.0, 0.0, 0.0, 0.0, 0.0, 0.0, 0.0, 0.0, 0.0, 0.0, 0.0, 0.0, 0.0, 0.0, 0.0, 0.0, 0.0, 0.0, 0.0, 0.0, 0.0, 0.0, 0.0, 0.0, 0.0, 0.0, 1.0, 0.0, 0.0, 0.0, 0.0, 0.0, 0.0, 0.0, 0.0, 0.0, 0.99777777777777776, 0.0, 0.0, 0.0, 0.0, 0.0022222222222222222, 0.0, 0.0, 0.0, 0.0, 0.68333333333333335, 0.28166666666666668, 0.0, 0.0, 0.0, 0.035000000000000003, 0.0, 0.0, 0.0, 0.0, 0.0, 0.0, 0.0, 0.0, 0.0, 0.0, 0.0, 0.0, 0.0, 0.0, 0.0, 0.0, 0.0, 0.0, 0.0, 0.0, 0.0, 0.0, 0.0, 0.022837066315327184, 0.32685551163812032, 0.2730566534914361, 0.0, 0.0, 0.36813790074659641, 0.0091128678085199821, 0.0, 0.0, 0.0, 0.0, 0.011235955056179775, 0.33707865168539325, 0.0, 0.0, 0.5786516853932584, 0.073033707865168537]
['8D7240145A0848642E1F669F396113B6AA35683F1250C52BA2DBC565C8A2906F.apk.txt', 0.57207863123407354, 0.0, 0.0, 0.0041863851474335636, 0.16963960684382964, 0.11594466690935566, 0.0, 0.0, 0.068438296323261746, 0.069712413542045867, 0.0, 0.0, 0.0, 0.0, 0.0, 0.0, 0.0, 0.0, 0.0, 0.0, 0.0, 0.0, 0.0, 0.0, 0.0, 0.0, 0.0, 0.0, 0.0, 0.0, 0.0, 0.0, 0.0, 0.0, 1.0, 0.0, 0.0, 0.0, 0.0, 0.0, 0.0, 0.0, 0.0, 0.0, 0.98152424942263283, 0.0, 0.0, 0.0, 0.0, 0.018475750577367205, 0.0, 0.0, 0.0, 0.0, 0.80123266563944529, 0.17719568567026195, 0.0, 0.0, 0.0, 0.021571648690292759, 0.0, 0.0, 0.0, 0.0, 0.0, 0.0, 0.0, 0.0, 0.0, 0.0, 0.0, 0.0, 0.0, 0.0, 0.0, 0.0, 0.0, 0.0, 0.0, 0.0, 0.0, 0.0, 0.0, 0.0, 0.71958762886597938, 0.030927835051546393, 0.0, 0.0, 0.24536082474226803, 0.0041237113402061857, 0.55000000000000004, 0.0, 0.0, 0.0, 0.0, 0.40000000000000002, 0.0, 0.0, 0.0, 0.050000000000000003]
['2C7D7923E727F131702ACBE9B8A26860A02B80B9E40114AFE18F8BBA402FFBC7.apk.txt', 0.0, 0.0, 0.0, 0.0, 0.0, 0.0, 0.0, 0.0, 0.0, 0.0, 0.0, 0.0, 0.0, 0.0, 0.0, 0.0, 0.0, 0.0, 0.0, 0.0, 0.0, 0.0, 0.0, 0.0, 0.0, 0.0, 0.0, 0.0, 0.0, 0.0, 0.0, 0.0, 0.0, 0.022222222222222223, 0.97777777777777775, 0.0, 0.0, 0.0, 0.0, 0.0, 0.0, 0.0, 0.0, 0.0, 1.0, 0.0, 0.0, 0.0, 0.0, 0.0, 0.0, 0.0, 0.0, 0.0, 0.78578479763079956, 0.19348469891411649, 0.0, 0.0, 0.0, 0.020730503455083909, 0.0, 0.0, 0.0, 0.0, 0.0, 0.0, 0.0, 0.0, 0.0, 0.0, 0.0, 0.0, 0.0, 0.0, 0.0, 0.0, 0.0, 0.0, 0.0, 0.0, 0.0, 0.0, 0.0, 0.018983908877237388, 0.33660278430663532, 0.32485084071596454, 0.0, 0.0, 0.23883565358886277, 0.080726812511299942, 0.0, 0.0, 0.0, 0.0, 0.0, 0.4375, 0.0, 0.0, 0.49431818181818182, 0.068181818181818177]
['55B44FA3E0E4CF2E20ADA075C36DB78788BC9B057BA39AA8AA662E3409980D1F.apk.txt', 0.0, 0.0, 0.0, 0.0, 0.0, 0.0, 0.0, 0.0, 0.0, 0.0, 0.0, 0.0, 0.0, 0.0, 0.0, 0.0, 0.0, 0.0, 0.0, 0.0, 0.0, 0.0, 0.0, 0.0, 0.0, 0.0, 0.0, 0.0, 0.0, 0.0, 0.0, 0.0, 0.0, 0.0, 1.0, 0.0, 0.0, 0.0, 0.0, 0.0, 0.0, 0.0, 0.0, 0.0, 0.99706744868035191, 0.0, 0.0, 0.0, 0.0, 0.0029325513196480938, 0.0, 0.0, 0.0, 0.0, 0.7939759036144578, 0.18915662650602411, 0.0, 0.0, 0.0, 0.016867469879518072, 0.0, 0.0, 0.0, 0.0, 0.0, 0.0, 0.0, 0.0, 0.0, 0.0, 0.0, 0.0, 0.0, 0.0, 0.0, 0.0, 0.0, 0.0, 0.0, 0.0, 0.0, 0.0, 0.0, 0.0061921760034967582, 0.37255044802214615, 0.37553726232971518, 0.0, 0.0, 0.16456618343410795, 0.081153930210533978, 0.0, 0.0, 0.0, 0.0024501796798431885, 0.35331590983338779, 0.34122835674616137, 0.0, 0.0, 0.1213655668082326, 0.18163998693237504]
['78AF930610DD1E3513A499E850EE5F84F6738BE733000938CE635559CC9336CC.apk.txt', 0.41992787498330442, 0.0, 0.0, 0.0046747696006411111, 0.28930145585681849, 0.21397088286363028, 0.0, 0.0, 0.011620141578736476, 0.060504875116869243, 0.0, 0.0, 0.0, 0.0, 0.0, 0.0, 0.0, 0.0, 0.0, 0.0, 0.0, 0.0, 0.0, 0.0, 0.0, 0.0, 0.0, 0.0, 0.0, 0.0, 0.0, 0.0, 0.0, 0.0, 1.0, 0.0, 0.0, 0.0, 0.0, 0.0, 0.0, 0.0, 0.0, 0.0, 0.9822616407982262, 0.0, 0.0, 0.0, 0.0, 0.017738359201773836, 0.0, 0.0, 0.0, 0.0, 0.72859450726979003, 0.23586429725363489, 0.0, 0.0, 0.0, 0.035541195476575124, 0.0, 0.0, 0.0, 0.0, 0.0, 0.0, 0.0, 0.0, 0.0, 0.0, 0.0, 0.0, 0.0, 0.0, 0.0, 0.0, 0.0, 0.0, 0.0, 0.0, 0.14150943396226415, 0.0, 0.0, 0.0, 0.35849056603773582, 0.37735849056603776, 0.0, 0.0, 0.11320754716981132, 0.009433962264150943, 0.29347826086956524, 0.0, 0.0, 0.0, 0.010869565217391304, 0.34782608695652173, 0.0, 0.0, 0.21739130434782608, 0.13043478260869565]
['log.getAppGraph', 0.0, 0.0, 0.0, 0.0, 0.0, 0.0, 0.0, 0.0, 0.0, 0.0, 0.0, 0.0, 0.0, 0.0, 0.0, 0.0, 0.0, 0.0, 0.0, 0.0, 0.0, 0.0, 0.0, 0.0, 0.0, 0.0, 0.0, 0.0, 0.0, 0.0, 0.0, 0.0, 0.0, 0.0, 0.0, 0.0, 0.0, 0.0, 0.0, 0.0, 0.0, 0.0, 0.0, 0.0, 0.0, 0.0, 0.0, 0.0, 0.0, 0.0, 0.0, 0.0, 0.0, 0.0, 0.0, 0.0, 0.0, 0.0, 0.0, 0.0, 0.0, 0.0, 0.0, 0.0, 0.0, 0.0, 0.0, 0.0, 0.0, 0.0, 0.0, 0.0, 0.0, 0.0, 0.0, 0.0, 0.0, 0.0, 0.0, 0.0, 0.0, 0.0, 0.0, 0.0, 0.0, 0.0, 0.0, 0.0, 0.0, 0.0, 0.0, 0.0, 0.0, 0.0, 0.0, 0.0, 0.0, 0.0, 0.0, 0.0]
['588CA4421E8CB6E5E5AB5EED9982431A66EF11ECF1F3A101B12C08E2D0F776BA.apk.txt', 0.0, 0.0, 0.0, 0.0, 0.0, 0.0, 0.0, 0.0, 0.0, 0.0, 0.0, 0.0, 0.0, 0.0, 0.0, 0.0, 0.0, 0.0, 0.0, 0.0, 0.0, 0.0, 0.0, 0.0, 0.0, 0.0, 0.0, 0.0, 0.0, 0.0, 0.0, 0.0, 0.0, 0.0, 1.0, 0.0, 0.0, 0.0, 0.0, 0.0, 0.0, 0.0, 0.0, 0.0, 1.0, 0.0, 0.0, 0.0, 0.0, 0.0, 0.0, 0.0, 0.0, 0.0, 0.78637413394919164, 0.18591224018475749, 0.0, 0.0, 0.015011547344110854, 0.012702078521939953, 0.0, 0.0, 0.0, 0.0, 0.0, 0.0, 0.0, 0.0, 0.0, 0.0, 0.0, 0.0, 0.0, 0.0, 0.0, 0.0, 0.0, 0.0, 0.0, 0.0, 0.0, 0.0, 0.0, 0.0011214282510204998, 0.32853362041896561, 0.36863589467545865, 0.0, 0.0, 0.14372224465078726, 0.15798681200376799, 0.0, 0.0, 0.0, 0.0, 0.16963350785340314, 0.20732984293193718, 0.0, 0.0, 0.2356020942408377, 0.38743455497382201]
